Primary,2024/25,2025/26,2026/27,2027/28,2028/29,2029/30,2030/31,2031/32,2032/33,2033/34,2034/35,2035/36,2036/37,2037/38,2038/39,2039/40,2040/41,2041/42,2042/43,2043/44,2044/45,2045/46,2046/47,2047/48,2048/49,2049/50,2050/51,Licence area,Voltage level,Scenario name,Output parameter
ACKLAM,0,0,0,0,0,0,0,0,0,0,0,0,0,0,0,0,0,0,0,0,0,0,0,0,0,0,0,NPgN,Primary,NG FES - Electric Engagement (without DH HPs),Number of electric HGVs
AMBERTON ROAD,0,1,3,5,8,13,17,23,29,35,42,47,53,58,62,66,69,72,74,75,76,77,77,78,78,78,78,NPgN,Primary,NG FES - Electric Engagement (without DH HPs),Number of electric HGVs
ANNFIELD 66/20KV,0,2,4,7,11,16,22,29,37,45,52,60,67,73,79,83,87,90,93,95,96,97,98,98,98,99,99,NPgN,Primary,NG FES - Electric Engagement (without DH HPs),Number of electric HGVs
ASHINGTON,0,0,0,1,1,2,3,4,4,5,6,7,8,9,10,10,11,11,11,12,12,12,12,12,12,12,12,NPgN,Primary,NG FES - Electric Engagement (without DH HPs),Number of electric HGVs
AYCLIFFE FORREST,0,0,0,0,0,0,0,0,0,0,0,0,0,0,0,0,0,0,0,0,0,0,0,0,0,0,0,NPgN,Primary,NG FES - Electric Engagement (without DH HPs),Number of electric HGVs
AYCLIFFE INDUSTRIAL,0,1,3,5,8,12,16,21,27,33,38,44,49,53,57,61,64,66,68,69,70,71,71,72,72,72,72,NPgN,Primary,NG FES - Electric Engagement (without DH HPs),Number of electric HGVs
BARDEN FRIAR,0,0,0,0,0,0,0,0,0,0,0,0,0,0,0,0,0,0,0,0,0,0,0,0,0,0,0,NPgN,Primary,NG FES - Electric Engagement (without DH HPs),Number of electric HGVs
BEDALE,1,3,6,12,19,28,38,51,64,78,92,104,116,127,137,145,152,158,162,165,167,169,170,171,172,172,172,NPgN,Primary,NG FES - Electric Engagement (without DH HPs),Number of electric HGVs
BELMONT,0,1,2,4,6,8,12,15,19,23,28,31,35,38,41,44,46,47,49,50,50,51,51,51,52,52,52,NPgN,Primary,NG FES - Electric Engagement (without DH HPs),Number of electric HGVs
BENSHAM,0,1,3,5,9,13,18,24,30,36,43,49,55,60,64,68,71,74,76,77,78,79,80,80,80,81,81,NPgN,Primary,NG FES - Electric Engagement (without DH HPs),Number of electric HGVs
BENTON SQUARE,1,3,6,12,19,27,38,50,63,77,91,104,116,126,136,144,151,156,161,164,166,168,169,170,171,171,171,NPgN,Primary,NG FES - Electric Engagement (without DH HPs),Number of electric HGVs
BENWELL,0,2,5,10,16,23,32,43,54,66,77,88,98,108,116,123,129,133,137,140,142,143,144,145,145,146,146,NPgN,Primary,NG FES - Electric Engagement (without DH HPs),Number of electric HGVs
BILLINGHAM MARSH HOUSE,2,8,17,31,49,73,101,134,169,205,242,276,308,337,362,384,402,417,428,437,443,447,450,452,454,455,455,NPgN,Primary,NG FES - Electric Engagement (without DH HPs),Number of electric HGVs
BILLY MILL,0,2,5,9,14,21,30,39,49,60,70,80,89,98,105,112,117,121,125,127,129,130,131,132,132,132,132,NPgN,Primary,NG FES - Electric Engagement (without DH HPs),Number of electric HGVs
BIRTLEY GROVE 66/11KV,2,10,23,42,67,99,137,181,229,278,328,374,417,456,490,520,544,564,580,591,600,606,610,613,615,616,616,NPgN,Primary,NG FES - Electric Engagement (without DH HPs),Number of electric HGVs
BIRTLEY GROVE 66/20KV,0,2,4,7,11,16,22,29,36,44,52,59,66,72,78,82,86,89,92,94,95,96,96,97,97,97,97,NPgN,Primary,NG FES - Electric Engagement (without DH HPs),Number of electric HGVs
BLAYDON BURN,1,4,10,18,29,42,59,78,98,120,141,161,179,196,211,223,234,242,249,254,258,260,262,263,264,265,265,NPgN,Primary,NG FES - Electric Engagement (without DH HPs),Number of electric HGVs
BLUCHER 33/11KV,0,2,5,9,14,20,28,37,47,57,67,77,85,93,101,107,112,116,119,121,123,124,125,126,126,126,126,NPgN,Primary,NG FES - Electric Engagement (without DH HPs),Number of electric HGVs
BOLDON DOWNHILL,0,1,3,6,10,14,20,26,33,40,47,54,60,66,71,75,79,82,84,85,87,88,88,89,89,89,89,NPgN,Primary,NG FES - Electric Engagement (without DH HPs),Number of electric HGVs
BOROUGHBRIDGE/ROECLIFFE INDUSTRIAL,2,8,18,33,52,77,108,142,179,218,257,293,326,357,384,407,426,442,454,463,470,474,478,480,482,482,482,NPgN,Primary,NG FES - Electric Engagement (without DH HPs),Number of electric HGVs
BOWESFIELD 33/11KV,1,6,14,26,41,61,84,111,140,171,201,229,255,280,301,319,334,346,355,363,368,371,374,376,377,378,378,NPgN,Primary,NG FES - Electric Engagement (without DH HPs),Number of electric HGVs
BOWESFIELD 66/11KV,0,1,3,5,8,11,16,21,26,32,38,43,48,53,56,60,63,65,67,68,69,70,70,71,71,71,71,NPgN,Primary,NG FES - Electric Engagement (without DH HPs),Number of electric HGVs
BRANCEPETH,0,1,2,3,4,7,9,12,15,18,22,25,28,30,33,35,36,37,38,39,40,40,41,41,41,41,41,NPgN,Primary,NG FES - Electric Engagement (without DH HPs),Number of electric HGVs
BREAMISH STREET,0,0,0,1,1,2,3,4,4,5,6,7,8,9,10,10,11,11,11,12,12,12,12,12,12,12,12,NPgN,Primary,NG FES - Electric Engagement (without DH HPs),Number of electric HGVs
BRENDA TRADING,2,8,18,33,52,77,107,141,179,217,256,292,325,356,383,406,425,441,453,462,468,473,477,479,480,481,481,NPgN,Primary,NG FES - Electric Engagement (without DH HPs),Number of electric HGVs
CAMPLESHON ROAD,0,0,0,0,0,0,0,0,0,0,0,0,0,0,0,0,0,0,0,0,0,0,0,0,0,0,0,NPgN,Primary,NG FES - Electric Engagement (without DH HPs),Number of electric HGVs
CARLEY HILL,0,2,4,7,11,16,23,30,38,46,54,62,69,76,81,86,90,94,96,98,100,101,101,102,102,102,102,NPgN,Primary,NG FES - Electric Engagement (without DH HPs),Number of electric HGVs
CARLIN HOW T3 T4,0,0,1,2,3,4,5,7,9,11,13,15,16,18,19,20,21,22,23,23,23,24,24,24,24,24,24,NPgN,Primary,NG FES - Electric Engagement (without DH HPs),Number of electric HGVs
CARR HILL,1,3,7,13,21,31,43,56,71,86,102,116,129,142,152,161,169,175,180,184,186,188,189,190,191,191,191,NPgN,Primary,NG FES - Electric Engagement (without DH HPs),Number of electric HGVs
CATTERICK CAMP,0,1,2,4,7,10,13,18,22,27,32,36,41,45,48,51,53,55,57,58,59,59,60,60,60,60,60,NPgN,Primary,NG FES - Electric Engagement (without DH HPs),Number of electric HGVs
CLOSE,0,1,2,3,5,7,10,13,17,20,24,27,30,33,35,38,39,41,42,43,43,44,44,44,44,45,45,NPgN,Primary,NG FES - Electric Engagement (without DH HPs),Number of electric HGVs
CONEYTHORPE,0,1,3,6,9,13,18,24,30,37,44,50,55,61,65,69,72,75,77,79,80,80,81,81,82,82,82,NPgN,Primary,NG FES - Electric Engagement (without DH HPs),Number of electric HGVs
CONSETT,1,4,10,17,28,41,57,75,95,115,136,155,172,189,203,215,225,234,240,245,248,251,253,254,255,255,255,NPgN,Primary,NG FES - Electric Engagement (without DH HPs),Number of electric HGVs
CORPORATION STREET,0,0,0,0,0,0,0,0,0,0,0,0,0,0,0,0,0,0,0,0,0,0,0,0,0,0,0,NPgN,Primary,NG FES - Electric Engagement (without DH HPs),Number of electric HGVs
COWTON,0,0,0,0,0,0,0,0,0,0,0,0,0,0,0,0,0,0,0,0,0,0,0,0,0,0,0,NPgN,Primary,NG FES - Electric Engagement (without DH HPs),Number of electric HGVs
CRAMLINGTON T1 T3,0,2,4,7,11,16,23,30,37,46,54,61,68,75,80,85,89,93,95,97,98,99,100,101,101,101,101,NPgN,Primary,NG FES - Electric Engagement (without DH HPs),Number of electric HGVs
CRAMLINGTON T2 T4,1,3,7,13,21,31,44,58,73,89,104,119,133,145,156,165,173,180,184,188,191,193,194,195,196,196,196,NPgN,Primary,NG FES - Electric Engagement (without DH HPs),Number of electric HGVs
DARLEY,0,0,0,0,0,0,0,0,0,0,0,0,0,0,0,0,0,0,0,0,0,0,0,0,0,0,0,NPgN,Primary,NG FES - Electric Engagement (without DH HPs),Number of electric HGVs
DARLINGTON 132/6KV,0,0,1,2,3,4,6,8,10,12,14,16,18,20,21,22,23,24,25,25,26,26,26,26,26,26,26,NPgN,Primary,NG FES - Electric Engagement (without DH HPs),Number of electric HGVs
DARLINGTON 33/11KV,0,1,2,3,5,7,10,13,17,20,24,27,30,33,35,38,39,41,42,43,43,44,44,44,44,45,45,NPgN,Primary,NG FES - Electric Engagement (without DH HPs),Number of electric HGVs
DARLINGTON CENTRAL 33/11KV,0,0,0,0,0,0,0,0,0,0,0,0,0,0,0,0,0,0,0,0,0,0,0,0,0,0,0,NPgN,Primary,NG FES - Electric Engagement (without DH HPs),Number of electric HGVs
DARLINGTON EAST,1,7,16,28,46,67,94,123,156,190,223,255,284,311,334,354,371,385,395,403,409,413,416,418,419,420,420,NPgN,Primary,NG FES - Electric Engagement (without DH HPs),Number of electric HGVs
DARLINGTON WEST,2,10,22,40,64,95,132,174,220,267,315,359,400,438,471,500,523,542,557,568,576,582,586,589,591,592,592,NPgN,Primary,NG FES - Electric Engagement (without DH HPs),Number of electric HGVs
DENWICK,0,2,4,7,11,16,23,30,38,46,54,62,69,76,81,86,90,94,96,98,100,101,101,102,102,102,102,NPgN,Primary,NG FES - Electric Engagement (without DH HPs),Number of electric HGVs
DUNSTON 66/11KV,0,2,4,7,11,16,23,30,37,46,54,61,68,75,80,85,89,93,95,97,98,99,100,101,101,101,101,NPgN,Primary,NG FES - Electric Engagement (without DH HPs),Number of electric HGVs
DUNSTON 66/20KV,0,0,1,2,3,5,6,8,11,13,15,18,20,21,23,24,26,26,27,28,28,28,29,29,29,29,29,NPgN,Primary,NG FES - Electric Engagement (without DH HPs),Number of electric HGVs
DURHAM EAST,0,0,0,0,0,0,0,0,0,0,0,0,0,0,0,0,0,0,0,0,0,0,0,0,0,0,0,NPgN,Primary,NG FES - Electric Engagement (without DH HPs),Number of electric HGVs
EASTFIELD,1,3,7,12,20,29,40,53,67,82,96,109,122,134,144,152,160,165,170,173,176,177,179,180,180,180,180,NPgN,Primary,NG FES - Electric Engagement (without DH HPs),Number of electric HGVs
EASTGATE CEMENT,0,0,0,0,0,0,0,0,0,0,0,0,0,0,0,0,0,0,0,0,0,0,0,0,0,0,0,NPgN,Primary,NG FES - Electric Engagement (without DH HPs),Number of electric HGVs
EDUCATIONAL PRECINCT,0,0,0,0,0,0,0,0,0,0,0,0,0,0,0,0,0,0,0,0,0,0,0,0,0,0,0,NPgN,Primary,NG FES - Electric Engagement (without DH HPs),Number of electric HGVs
ELVINGTON,0,2,5,9,15,22,31,40,51,62,73,83,93,101,109,116,121,126,129,132,134,135,136,136,137,137,137,NPgN,Primary,NG FES - Electric Engagement (without DH HPs),Number of electric HGVs
FARADAY STREET,0,0,0,0,0,0,0,0,0,0,0,0,0,0,0,0,0,0,0,0,0,0,0,0,0,0,0,NPgN,Primary,NG FES - Electric Engagement (without DH HPs),Number of electric HGVs
FAWDON T1 & SEATON BURN T1,1,3,8,14,22,33,46,61,77,93,110,126,140,153,165,175,183,190,195,199,201,203,205,206,207,207,207,NPgN,Primary,NG FES - Electric Engagement (without DH HPs),Number of electric HGVs
FISHBURN,1,4,8,15,24,36,50,65,83,101,118,135,151,165,177,188,197,204,209,214,217,219,220,221,222,223,223,NPgN,Primary,NG FES - Electric Engagement (without DH HPs),Number of electric HGVs
FLATWORTH CENTRAL,1,3,7,12,19,28,39,52,66,80,94,107,120,131,141,149,156,162,166,170,172,174,175,176,177,177,177,NPgN,Primary,NG FES - Electric Engagement (without DH HPs),Number of electric HGVs
FOSS ISLANDS,0,2,5,10,16,23,32,42,54,65,77,88,98,107,115,122,128,132,136,139,141,142,143,144,144,144,144,NPgN,Primary,NG FES - Electric Engagement (without DH HPs),Number of electric HGVs
FOSSWAY 33/11KV,1,3,7,12,20,29,40,53,67,82,96,109,122,134,144,152,160,165,170,173,176,177,179,180,180,180,180,NPgN,Primary,NG FES - Electric Engagement (without DH HPs),Number of electric HGVs
FOURSTONES 20KV,0,0,1,2,3,4,5,7,9,11,13,15,16,18,19,20,21,22,23,23,23,24,24,24,24,24,24,NPgN,Primary,NG FES - Electric Engagement (without DH HPs),Number of electric HGVs
FYLANDS BRIDGE,0,2,4,8,13,19,26,35,44,53,63,72,80,87,94,100,104,108,111,113,115,116,117,117,118,118,118,NPgN,Primary,NG FES - Electric Engagement (without DH HPs),Number of electric HGVs
GALE LANE,0,0,0,0,0,0,0,0,0,0,0,0,0,0,0,0,0,0,0,0,0,0,0,0,0,0,0,NPgN,Primary,NG FES - Electric Engagement (without DH HPs),Number of electric HGVs
GARWOOD STREET,0,2,3,6,10,15,20,27,34,41,49,55,62,68,73,77,81,84,86,88,89,90,91,91,91,91,91,NPgN,Primary,NG FES - Electric Engagement (without DH HPs),Number of electric HGVs
GATESHEAD CENTRAL,1,3,6,10,17,25,34,45,57,70,82,93,104,114,123,130,136,141,145,148,150,151,152,153,154,154,154,NPgN,Primary,NG FES - Electric Engagement (without DH HPs),Number of electric HGVs
GATESHEAD EAST,1,5,12,21,33,49,69,91,114,139,164,187,208,228,245,260,272,282,290,296,300,303,305,306,307,308,308,NPgN,Primary,NG FES - Electric Engagement (without DH HPs),Number of electric HGVs
GOSFORTH 33/11KV,0,0,0,0,0,0,0,0,0,0,0,0,0,0,0,0,0,0,0,0,0,0,0,0,0,0,0,NPgN,Primary,NG FES - Electric Engagement (without DH HPs),Number of electric HGVs
GRANGETOWN,4,19,43,77,124,182,254,334,422,513,605,690,769,841,905,959,1005,1041,1070,1091,1107,1118,1126,1131,1135,1137,1137,NPgN,Primary,NG FES - Electric Engagement (without DH HPs),Number of electric HGVs
GREATHAM,0,0,0,0,0,0,0,0,0,0,0,0,0,0,0,0,0,0,0,0,0,0,0,0,0,0,0,NPgN,Primary,NG FES - Electric Engagement (without DH HPs),Number of electric HGVs
GUISBOROUGH T1 T2,0,1,1,2,3,5,7,9,12,14,17,19,21,23,25,26,28,29,29,30,30,31,31,31,31,31,31,NPgN,Primary,NG FES - Electric Engagement (without DH HPs),Number of electric HGVs
GUISBOROUGH T3,0,0,0,0,0,0,0,0,0,0,0,0,0,0,0,0,0,0,0,0,0,0,0,0,0,0,0,NPgN,Primary,NG FES - Electric Engagement (without DH HPs),Number of electric HGVs
HARLOW GREEN,0,0,0,0,0,0,0,0,0,0,0,0,0,0,0,0,0,0,0,0,0,0,0,0,0,0,0,NPgN,Primary,NG FES - Electric Engagement (without DH HPs),Number of electric HGVs
HARMIRE BRIDGE,1,3,8,14,22,32,45,59,75,91,108,123,137,150,161,171,179,185,190,194,197,199,200,201,202,202,202,NPgN,Primary,NG FES - Electric Engagement (without DH HPs),Number of electric HGVs
HARRATON,0,2,5,10,16,23,32,42,53,65,76,87,97,106,114,121,127,131,135,137,139,141,142,142,143,143,143,NPgN,Primary,NG FES - Electric Engagement (without DH HPs),Number of electric HGVs
HARROGATE 132/11KV,0,2,5,9,15,22,31,40,51,62,73,83,93,101,109,116,121,126,129,132,134,135,136,136,137,137,137,NPgN,Primary,NG FES - Electric Engagement (without DH HPs),Number of electric HGVs
HARROGATE WEST,0,0,0,0,0,0,0,0,0,0,0,0,0,0,0,0,0,0,0,0,0,0,0,0,0,0,0,NPgN,Primary,NG FES - Electric Engagement (without DH HPs),Number of electric HGVs
HARTMOOR 66/20KV,0,1,2,4,7,10,13,18,22,27,32,36,41,45,48,51,53,55,57,58,59,59,60,60,60,60,60,NPgN,Primary,NG FES - Electric Engagement (without DH HPs),Number of electric HGVs
HAWTHORN PIT,1,5,10,19,30,45,62,82,103,126,148,169,188,206,221,235,246,255,261,267,271,273,275,276,277,278,278,NPgN,Primary,NG FES - Electric Engagement (without DH HPs),Number of electric HGVs
HAXBY ROAD T2 T3,0,1,2,4,7,10,14,19,24,29,35,39,44,48,52,55,57,60,61,62,63,64,64,65,65,65,65,NPgN,Primary,NG FES - Electric Engagement (without DH HPs),Number of electric HGVs
HEBBURN,1,3,6,12,19,28,38,51,64,78,92,104,116,127,137,145,152,158,162,165,167,169,170,171,172,172,172,NPgN,Primary,NG FES - Electric Engagement (without DH HPs),Number of electric HGVs
HEBBURN WEST,0,0,0,0,0,0,0,0,0,0,0,0,0,0,0,0,0,0,0,0,0,0,0,0,0,0,0,NPgN,Primary,NG FES - Electric Engagement (without DH HPs),Number of electric HGVs
HEDWORTH,0,1,2,4,7,11,15,19,25,30,35,40,45,49,53,56,58,61,62,64,64,65,66,66,66,66,66,NPgN,Primary,NG FES - Electric Engagement (without DH HPs),Number of electric HGVs
HEIGHINGTON,0,0,0,0,0,0,0,0,0,0,0,0,0,0,0,0,0,0,0,0,0,0,0,0,0,0,0,NPgN,Primary,NG FES - Electric Engagement (without DH HPs),Number of electric HGVs
HEXHAM,0,1,3,5,7,11,15,20,25,30,36,41,46,50,54,57,60,62,63,65,66,66,67,67,67,67,67,NPgN,Primary,NG FES - Electric Engagement (without DH HPs),Number of electric HGVs
HIGH BARMSTON,3,13,30,54,87,129,179,236,298,362,427,487,543,594,639,677,709,735,755,770,781,789,795,798,801,803,803,NPgN,Primary,NG FES - Electric Engagement (without DH HPs),Number of electric HGVs
HIGH FLATTS,0,1,1,2,4,6,8,11,13,16,19,22,24,27,29,30,32,33,34,35,35,35,36,36,36,36,36,NPgN,Primary,NG FES - Electric Engagement (without DH HPs),Number of electric HGVs
HOUGHTON,1,3,7,12,20,29,41,53,67,82,97,110,123,134,145,153,161,166,171,174,177,179,180,181,181,182,182,NPgN,Primary,NG FES - Electric Engagement (without DH HPs),Number of electric HGVs
HOWDON,0,2,4,8,13,19,26,34,43,53,62,71,79,86,93,98,103,107,110,112,114,115,116,116,116,117,117,NPgN,Primary,NG FES - Electric Engagement (without DH HPs),Number of electric HGVs
HUNTINGTON NEW LANE,0,1,3,6,10,14,20,27,33,41,48,55,61,67,72,76,80,83,85,87,88,89,89,90,90,90,90,NPgN,Primary,NG FES - Electric Engagement (without DH HPs),Number of electric HGVs
HUSTHWAITE 33/11KV,0,2,4,8,13,19,26,34,43,52,61,70,78,85,92,97,102,106,109,111,112,114,114,115,115,116,116,NPgN,Primary,NG FES - Electric Engagement (without DH HPs),Number of electric HGVs
JARROW,0,1,2,4,6,9,13,17,21,26,30,34,38,42,45,48,50,52,53,54,55,56,56,56,56,57,57,NPgN,Primary,NG FES - Electric Engagement (without DH HPs),Number of electric HGVs
KENTON,0,0,0,0,0,0,0,0,0,0,0,0,0,0,0,0,0,0,0,0,0,0,0,0,0,0,0,NPgN,Primary,NG FES - Electric Engagement (without DH HPs),Number of electric HGVs
KIELDER,0,0,0,0,0,0,0,0,0,0,0,0,0,0,0,0,0,0,0,0,0,0,0,0,0,0,0,NPgN,Primary,NG FES - Electric Engagement (without DH HPs),Number of electric HGVs
KILLINGWORTH,0,2,5,9,14,20,28,37,47,58,68,77,86,94,102,108,113,117,120,122,124,125,126,127,127,128,128,NPgN,Primary,NG FES - Electric Engagement (without DH HPs),Number of electric HGVs
KIRBYMOORSIDE,0,0,0,0,0,0,0,0,0,0,0,0,0,0,0,0,0,0,0,0,0,0,0,0,0,0,0,NPgN,Primary,NG FES - Electric Engagement (without DH HPs),Number of electric HGVs
LEAM CENTRAL,0,0,0,0,0,0,0,0,0,0,0,0,0,0,0,0,0,0,0,0,0,0,0,0,0,0,0,NPgN,Primary,NG FES - Electric Engagement (without DH HPs),Number of electric HGVs
LINTON 66/20KV,0,1,2,4,7,10,14,18,23,28,33,37,41,45,49,52,54,56,58,59,60,60,61,61,61,61,61,NPgN,Primary,NG FES - Electric Engagement (without DH HPs),Number of electric HGVs
LONGBENTON,0,0,0,0,0,0,0,0,0,0,0,0,0,0,0,0,0,0,0,0,0,0,0,0,0,0,0,NPgN,Primary,NG FES - Electric Engagement (without DH HPs),Number of electric HGVs
LOW SPENNYMOOR,0,2,4,8,12,18,25,33,42,51,60,68,76,83,89,94,99,102,105,107,109,110,111,111,112,112,112,NPgN,Primary,NG FES - Electric Engagement (without DH HPs),Number of electric HGVs
LYNEMOUTH,0,0,0,0,0,0,0,0,0,0,0,0,0,0,0,0,0,0,0,0,0,0,0,0,0,0,0,NPgN,Primary,NG FES - Electric Engagement (without DH HPs),Number of electric HGVs
MADDISON STREET,0,0,0,1,1,2,3,4,4,5,6,7,8,9,10,10,11,11,11,12,12,12,12,12,12,12,12,NPgN,Primary,NG FES - Electric Engagement (without DH HPs),Number of electric HGVs
MALLEABLE,1,4,9,17,27,40,55,73,92,111,131,150,167,183,196,208,218,226,232,237,240,243,244,245,246,247,247,NPgN,Primary,NG FES - Electric Engagement (without DH HPs),Number of electric HGVs
MALTON,1,3,7,12,19,28,39,52,65,79,93,107,119,130,140,148,155,161,165,169,171,173,174,175,175,176,176,NPgN,Primary,NG FES - Electric Engagement (without DH HPs),Number of electric HGVs
MEADOWFIELD,0,1,3,5,8,12,16,21,27,33,38,44,49,53,57,61,64,66,68,69,70,71,71,72,72,72,72,NPgN,Primary,NG FES - Electric Engagement (without DH HPs),Number of electric HGVs
MELROSEGATE 33/11KV,0,0,1,2,3,4,5,7,9,11,13,15,16,18,19,20,21,22,23,23,23,24,24,24,24,24,24,NPgN,Primary,NG FES - Electric Engagement (without DH HPs),Number of electric HGVs
MILLBANK LANE,0,2,5,8,13,20,27,36,46,55,65,74,83,91,98,104,108,112,115,118,119,121,122,122,122,123,123,NPgN,Primary,NG FES - Electric Engagement (without DH HPs),Number of electric HGVs
MONKSEATON,0,0,0,1,1,2,3,4,4,5,6,7,8,9,10,10,11,11,11,12,12,12,12,12,12,12,12,NPgN,Primary,NG FES - Electric Engagement (without DH HPs),Number of electric HGVs
MOOR MONKTON PUMPS,0,1,2,4,6,9,12,16,20,24,29,33,37,40,43,46,48,50,51,52,53,53,54,54,54,54,54,NPgN,Primary,NG FES - Electric Engagement (without DH HPs),Number of electric HGVs
MORPETH,0,2,4,7,12,18,24,32,41,49,58,66,74,81,87,92,97,100,103,105,107,108,108,109,109,109,109,NPgN,Primary,NG FES - Electric Engagement (without DH HPs),Number of electric HGVs
MOUNT ROAD,0,0,0,0,0,0,0,0,0,0,0,0,0,0,0,0,0,0,0,0,0,0,0,0,0,0,0,NPgN,Primary,NG FES - Electric Engagement (without DH HPs),Number of electric HGVs
NEWBURN HAUGH,0,1,3,6,10,14,20,26,33,40,47,53,59,65,70,74,78,80,83,84,85,86,87,87,88,88,88,NPgN,Primary,NG FES - Electric Engagement (without DH HPs),Number of electric HGVs
NEWBY,0,0,1,2,3,4,5,7,9,11,13,15,16,18,19,20,21,22,23,23,23,24,24,24,24,24,24,NPgN,Primary,NG FES - Electric Engagement (without DH HPs),Number of electric HGVs
NEWCASTLE AIRPORT,0,0,0,0,0,0,0,0,0,0,0,0,0,0,0,0,0,0,0,0,0,0,0,0,0,0,0,NPgN,Primary,NG FES - Electric Engagement (without DH HPs),Number of electric HGVs
NEWTON AYCLIFFE SOUTH,0,1,1,2,4,5,8,10,12,15,18,20,23,25,27,28,30,31,32,32,33,33,33,34,34,34,34,NPgN,Primary,NG FES - Electric Engagement (without DH HPs),Number of electric HGVs
NORTH STREET,0,1,2,3,5,7,9,12,16,19,22,26,28,31,34,36,37,39,40,40,41,41,42,42,42,42,42,NPgN,Primary,NG FES - Electric Engagement (without DH HPs),Number of electric HGVs
NORTH TEES T1 T2,2,12,27,49,78,115,160,211,266,324,381,435,485,531,571,605,634,657,675,688,698,705,710,713,716,717,717,NPgN,Primary,NG FES - Electric Engagement (without DH HPs),Number of electric HGVs
NORTH TEES T3 T4,0,0,0,0,0,0,0,0,0,0,0,0,0,0,0,0,0,0,0,0,0,0,0,0,0,0,0,NPgN,Primary,NG FES - Electric Engagement (without DH HPs),Number of electric HGVs
NORTHALLERTON,0,1,3,6,10,14,20,27,33,41,48,55,61,67,72,76,80,83,85,87,88,89,89,90,90,90,90,NPgN,Primary,NG FES - Electric Engagement (without DH HPs),Number of electric HGVs
NORTON 132/11KV,0,0,1,2,3,4,6,8,10,12,14,16,18,20,21,22,23,24,25,25,26,26,26,26,26,26,26,NPgN,Primary,NG FES - Electric Engagement (without DH HPs),Number of electric HGVs
OATLANDS,0,0,0,0,0,0,0,0,0,0,0,0,0,0,0,0,0,0,0,0,0,0,0,0,0,0,0,NPgN,Primary,NG FES - Electric Engagement (without DH HPs),Number of electric HGVs
OFFERTON 33/11KV,0,1,3,5,8,12,16,22,27,33,39,45,50,54,58,62,65,67,69,70,71,72,73,73,73,73,73,NPgN,Primary,NG FES - Electric Engagement (without DH HPs),Number of electric HGVs
PALLION TRADING,0,0,1,2,3,4,5,7,9,11,13,15,16,18,19,20,21,22,23,23,23,24,24,24,24,24,24,NPgN,Primary,NG FES - Electric Engagement (without DH HPs),Number of electric HGVs
PETERLEE INDUSTRIAL,0,0,0,0,0,0,0,0,0,0,0,0,0,0,0,0,0,0,0,0,0,0,0,0,0,0,0,NPgN,Primary,NG FES - Electric Engagement (without DH HPs),Number of electric HGVs
PETERLEE WEST,0,0,0,0,0,0,0,0,0,0,0,0,0,0,0,0,0,0,0,0,0,0,0,0,0,0,0,NPgN,Primary,NG FES - Electric Engagement (without DH HPs),Number of electric HGVs
PILGRIM,0,0,0,0,0,0,0,0,0,0,0,0,0,0,0,0,0,0,0,0,0,0,0,0,0,0,0,NPgN,Primary,NG FES - Electric Engagement (without DH HPs),Number of electric HGVs
POTTER HOUSE T1 T3,0,1,3,5,8,12,16,21,27,33,38,44,49,53,57,61,64,66,68,69,70,71,71,72,72,72,72,NPgN,Primary,NG FES - Electric Engagement (without DH HPs),Number of electric HGVs
POTTER HOUSE T4 T5,0,0,0,0,0,0,0,0,0,0,0,0,0,0,0,0,0,0,0,0,0,0,0,0,0,0,0,NPgN,Primary,NG FES - Electric Engagement (without DH HPs),Number of electric HGVs
PRISSICK,0,0,0,0,0,0,0,0,0,0,0,0,0,0,0,0,0,0,0,0,0,0,0,0,0,0,0,NPgN,Primary,NG FES - Electric Engagement (without DH HPs),Number of electric HGVs
RAVENSCAR,0,0,0,0,0,0,0,0,0,0,0,0,0,0,0,0,0,0,0,0,0,0,0,0,0,0,0,NPgN,Primary,NG FES - Electric Engagement (without DH HPs),Number of electric HGVs
RAWCLIFFE LANE,0,1,2,3,5,7,10,13,16,20,23,26,29,32,34,37,38,40,41,42,42,43,43,43,43,43,43,NPgN,Primary,NG FES - Electric Engagement (without DH HPs),Number of electric HGVs
REDCAR,2,9,21,38,61,90,126,166,209,254,300,341,381,417,448,475,498,516,530,540,548,554,558,560,562,563,563,NPgN,Primary,NG FES - Electric Engagement (without DH HPs),Number of electric HGVs
RESERVOIR,1,5,11,20,33,48,67,88,112,136,160,182,203,223,239,254,266,275,283,289,293,296,298,299,300,301,301,NPgN,Primary,NG FES - Electric Engagement (without DH HPs),Number of electric HGVs
RICHMOND T1,1,3,7,12,19,28,39,52,66,80,94,107,120,131,141,149,156,162,166,170,172,174,175,176,177,177,177,NPgN,Primary,NG FES - Electric Engagement (without DH HPs),Number of electric HGVs
RICHMOND T2,0,0,1,1,2,3,4,5,7,8,10,11,12,13,14,15,16,17,17,17,18,18,18,18,18,18,18,NPgN,Primary,NG FES - Electric Engagement (without DH HPs),Number of electric HGVs
RIPON,1,6,14,25,40,59,82,108,136,165,195,222,247,271,291,309,323,335,344,351,356,360,362,364,365,366,366,NPgN,Primary,NG FES - Electric Engagement (without DH HPs),Number of electric HGVs
RISE CARR,0,1,2,3,4,7,9,12,15,18,22,25,28,30,33,35,36,37,38,39,40,40,41,41,41,41,41,NPgN,Primary,NG FES - Electric Engagement (without DH HPs),Number of electric HGVs
ROMANBY,0,0,0,0,0,0,0,0,0,0,0,0,0,0,0,0,0,0,0,0,0,0,0,0,0,0,0,NPgN,Primary,NG FES - Electric Engagement (without DH HPs),Number of electric HGVs
RUDBY,0,2,4,7,11,17,23,31,39,47,56,63,71,77,83,88,93,96,98,100,102,103,104,104,104,105,105,NPgN,Primary,NG FES - Electric Engagement (without DH HPs),Number of electric HGVs
SCARBOROUGH 33/11KV,0,0,0,0,0,0,0,0,0,0,0,0,0,0,0,0,0,0,0,0,0,0,0,0,0,0,0,NPgN,Primary,NG FES - Electric Engagement (without DH HPs),Number of electric HGVs
SCARBOROUGH 66/11KV,0,0,0,0,0,0,0,0,0,0,0,0,0,0,0,0,0,0,0,0,0,0,0,0,0,0,0,NPgN,Primary,NG FES - Electric Engagement (without DH HPs),Number of electric HGVs
SEGHILL,0,0,1,2,3,5,6,8,11,13,15,18,20,21,23,24,26,26,27,28,28,28,29,29,29,29,29,NPgN,Primary,NG FES - Electric Engagement (without DH HPs),Number of electric HGVs
SESSAY BRIDGE_SOWERBY,0,1,3,6,10,14,20,27,33,41,48,55,61,67,72,76,80,83,85,87,88,89,89,90,90,90,90,NPgN,Primary,NG FES - Electric Engagement (without DH HPs),Number of electric HGVs
SEVERUS HILL,1,3,6,11,17,25,35,46,58,71,83,95,106,116,124,132,138,143,147,150,152,154,155,156,156,156,156,NPgN,Primary,NG FES - Electric Engagement (without DH HPs),Number of electric HGVs
SHERIFF HUTTON,0,2,4,8,13,19,26,34,43,52,61,70,78,85,92,97,102,106,109,111,112,114,114,115,115,116,116,NPgN,Primary,NG FES - Electric Engagement (without DH HPs),Number of electric HGVs
SHOTTON,0,1,3,5,8,12,17,22,28,34,40,46,51,56,60,64,67,69,71,73,74,75,75,75,76,76,76,NPgN,Primary,NG FES - Electric Engagement (without DH HPs),Number of electric HGVs
SIMONSIDE,1,3,6,11,18,26,36,48,60,73,86,99,110,120,129,137,144,149,153,156,158,160,161,162,162,162,162,NPgN,Primary,NG FES - Electric Engagement (without DH HPs),Number of electric HGVs
SKELDERGATE,0,1,1,2,4,6,8,11,13,16,19,22,24,27,29,30,32,33,34,35,35,35,36,36,36,36,36,NPgN,Primary,NG FES - Electric Engagement (without DH HPs),Number of electric HGVs
SKERNESIDE,2,8,17,31,50,73,102,134,170,206,243,277,309,338,364,386,404,419,430,439,445,450,453,455,456,457,457,NPgN,Primary,NG FES - Electric Engagement (without DH HPs),Number of electric HGVs
SPADEADAM 20KV,0,1,1,2,4,6,8,11,13,16,19,22,24,27,29,30,32,33,34,35,35,35,36,36,36,36,36,NPgN,Primary,NG FES - Electric Engagement (without DH HPs),Number of electric HGVs
SPENCERBECK,1,4,9,17,27,40,55,73,92,111,131,150,167,183,196,208,218,226,232,237,240,243,244,245,246,247,247,NPgN,Primary,NG FES - Electric Engagement (without DH HPs),Number of electric HGVs
SPENNYMOOR 66/20KV,1,5,11,19,30,45,63,82,104,127,149,170,190,207,223,237,248,257,264,269,273,276,278,279,280,280,280,NPgN,Primary,NG FES - Electric Engagement (without DH HPs),Number of electric HGVs
STARBECK,0,0,1,2,3,4,5,7,9,11,13,15,16,18,19,20,21,22,23,23,23,24,24,24,24,24,24,NPgN,Primary,NG FES - Electric Engagement (without DH HPs),Number of electric HGVs
STOBSWOOD COAL,0,0,0,0,0,0,0,0,0,0,0,0,0,0,0,0,0,0,0,0,0,0,0,0,0,0,0,NPgN,Primary,NG FES - Electric Engagement (without DH HPs),Number of electric HGVs
STOKESLEY,0,2,4,7,11,17,23,31,39,47,56,63,71,77,83,88,93,96,98,100,102,103,104,104,104,105,105,NPgN,Primary,NG FES - Electric Engagement (without DH HPs),Number of electric HGVs
STONEY CUT,0,2,4,7,10,15,21,28,36,43,51,58,65,71,77,81,85,88,91,92,94,95,95,96,96,96,96,NPgN,Primary,NG FES - Electric Engagement (without DH HPs),Number of electric HGVs
SUNDERLAND T1 T2,0,2,4,7,12,18,24,32,41,49,58,66,74,81,87,92,97,100,103,105,107,108,108,109,109,109,109,NPgN,Primary,NG FES - Electric Engagement (without DH HPs),Number of electric HGVs
SUNDERLAND T5 T6,0,0,0,0,0,0,0,0,0,0,0,0,0,0,0,0,0,0,0,0,0,0,0,0,0,0,0,NPgN,Primary,NG FES - Electric Engagement (without DH HPs),Number of electric HGVs
TANFIELD,0,0,1,1,2,3,4,5,7,8,10,11,12,13,14,15,16,17,17,17,18,18,18,18,18,18,18,NPgN,Primary,NG FES - Electric Engagement (without DH HPs),Number of electric HGVs
TEAM VALLEY,2,11,25,45,71,105,147,193,244,297,349,398,444,486,523,554,581,602,618,631,639,646,650,653,656,657,657,NPgN,Primary,NG FES - Electric Engagement (without DH HPs),Number of electric HGVs
TEES INDUSTRIAL T1 T2,0,0,0,0,0,0,0,0,0,0,0,0,0,0,0,0,0,0,0,0,0,0,0,0,0,0,0,NPgN,Primary,NG FES - Electric Engagement (without DH HPs),Number of electric HGVs
TEMPLE PARK,0,0,0,0,0,0,0,0,0,0,0,0,0,0,0,0,0,0,0,0,0,0,0,0,0,0,0,NPgN,Primary,NG FES - Electric Engagement (without DH HPs),Number of electric HGVs
THIRSK,1,4,9,17,27,40,56,74,93,113,133,152,169,185,199,211,221,229,235,240,244,246,248,249,250,250,250,NPgN,Primary,NG FES - Electric Engagement (without DH HPs),Number of electric HGVs
THORNTON DALE,0,0,0,1,1,2,3,4,4,5,6,7,8,9,10,10,11,11,11,12,12,12,12,12,12,12,12,NPgN,Primary,NG FES - Electric Engagement (without DH HPs),Number of electric HGVs
TORONTO 66/20KV,0,2,5,9,14,20,28,37,47,58,68,77,86,94,102,108,113,117,120,122,124,125,126,127,127,128,128,NPgN,Primary,NG FES - Electric Engagement (without DH HPs),Number of electric HGVs
TUNSTALL,0,2,4,7,11,16,23,30,38,46,54,62,69,76,81,86,90,94,96,98,100,101,101,102,102,102,102,NPgN,Primary,NG FES - Electric Engagement (without DH HPs),Number of electric HGVs
TYNEMOUTH CENTRAL,0,0,0,0,0,0,0,0,0,0,0,0,0,0,0,0,0,0,0,0,0,0,0,0,0,0,0,NPgN,Primary,NG FES - Electric Engagement (without DH HPs),Number of electric HGVs
UNIVERSITY,0,0,0,0,0,0,0,0,0,0,0,0,0,0,0,0,0,0,0,0,0,0,0,0,0,0,0,NPgN,Primary,NG FES - Electric Engagement (without DH HPs),Number of electric HGVs
URLAY NOOK,0,1,3,5,8,13,17,23,29,35,42,47,53,58,62,66,69,72,74,75,76,77,77,78,78,78,78,NPgN,Primary,NG FES - Electric Engagement (without DH HPs),Number of electric HGVs
USWORTH,1,3,7,12,20,29,41,53,67,82,97,110,123,134,145,153,161,166,171,174,177,179,180,181,181,182,182,NPgN,Primary,NG FES - Electric Engagement (without DH HPs),Number of electric HGVs
WALKER,0,1,1,2,4,6,8,11,13,16,19,22,24,27,29,30,32,33,34,35,35,35,36,36,36,36,36,NPgN,Primary,NG FES - Electric Engagement (without DH HPs),Number of electric HGVs
WANSBECK,0,0,0,0,0,0,0,0,0,0,0,0,0,0,0,0,0,0,0,0,0,0,0,0,0,0,0,NPgN,Primary,NG FES - Electric Engagement (without DH HPs),Number of electric HGVs
WARDLEY,0,0,0,0,0,0,0,0,0,0,0,0,0,0,0,0,0,0,0,0,0,0,0,0,0,0,0,NPgN,Primary,NG FES - Electric Engagement (without DH HPs),Number of electric HGVs
WARKWORTH,0,1,2,4,7,10,14,19,24,29,35,39,44,48,52,55,57,60,61,62,63,64,64,65,65,65,65,NPgN,Primary,NG FES - Electric Engagement (without DH HPs),Number of electric HGVs
WENSLEYDALE,1,4,8,15,23,34,48,63,79,97,114,130,145,158,170,181,189,196,201,206,208,211,212,213,214,214,214,NPgN,Primary,NG FES - Electric Engagement (without DH HPs),Number of electric HGVs
WEST HARTFORD,0,0,0,0,0,0,0,0,0,0,0,0,0,0,0,0,0,0,0,0,0,0,0,0,0,0,0,NPgN,Primary,NG FES - Electric Engagement (without DH HPs),Number of electric HGVs
WEST SOUTHWICK,0,0,1,1,2,2,3,4,5,7,8,9,10,11,11,12,13,13,14,14,14,14,14,14,14,14,14,NPgN,Primary,NG FES - Electric Engagement (without DH HPs),Number of electric HGVs
WEST WYLAM,1,4,9,16,26,38,53,69,87,106,125,143,159,175,188,199,208,216,222,226,230,232,233,235,235,236,236,NPgN,Primary,NG FES - Electric Engagement (without DH HPs),Number of electric HGVs
WESTERHOPE,0,0,1,2,3,5,7,9,11,14,16,18,20,22,24,25,27,28,28,29,29,30,30,30,30,30,30,NPgN,Primary,NG FES - Electric Engagement (without DH HPs),Number of electric HGVs
WESTOE,0,0,0,0,0,0,0,0,0,0,0,0,0,0,0,0,0,0,0,0,0,0,0,0,0,0,0,NPgN,Primary,NG FES - Electric Engagement (without DH HPs),Number of electric HGVs
WHITBY T1,0,0,1,1,2,3,5,6,8,10,12,13,15,16,17,18,19,20,20,21,21,21,21,22,22,22,22,NPgN,Primary,NG FES - Electric Engagement (without DH HPs),Number of electric HGVs
WHITBY T2,0,1,3,5,9,13,18,23,29,36,42,48,54,59,63,67,70,73,75,76,77,78,79,79,79,79,79,NPgN,Primary,NG FES - Electric Engagement (without DH HPs),Number of electric HGVs
WHITBY WEST T1,0,0,0,1,1,2,3,4,4,5,6,7,8,9,10,10,11,11,11,12,12,12,12,12,12,12,12,NPgN,Primary,NG FES - Electric Engagement (without DH HPs),Number of electric HGVs
WHITBY WEST T2,0,0,0,0,0,0,0,0,0,0,0,0,0,0,0,0,0,0,0,0,0,0,0,0,0,0,0,NPgN,Primary,NG FES - Electric Engagement (without DH HPs),Number of electric HGVs
WILLINGTON,0,0,0,0,0,0,0,0,0,0,0,0,0,0,0,0,0,0,0,0,0,0,0,0,0,0,0,NPgN,Primary,NG FES - Electric Engagement (without DH HPs),Number of electric HGVs
WORMALD GREEN 132/11KV,0,1,3,5,8,12,17,23,29,35,41,47,52,57,61,65,68,71,72,74,75,76,76,77,77,77,77,NPgN,Primary,NG FES - Electric Engagement (without DH HPs),Number of electric HGVs
WYNYARD,0,1,1,2,4,6,8,11,13,16,19,22,24,27,29,30,32,33,34,35,35,35,36,36,36,36,36,NPgN,Primary,NG FES - Electric Engagement (without DH HPs),Number of electric HGVs
YEDINGHAM,0,0,0,0,0,0,0,0,0,0,0,0,0,0,0,0,0,0,0,0,0,0,0,0,0,0,0,NPgN,Primary,NG FES - Electric Engagement (without DH HPs),Number of electric HGVs
YORK UNIVERSITY,0,0,0,1,1,2,3,4,4,5,6,7,8,9,10,10,11,11,11,12,12,12,12,12,12,12,12,NPgN,Primary,NG FES - Electric Engagement (without DH HPs),Number of electric HGVs
ABBEY ROAD,0,0,0,0,0,0,0,0,0,0,0,0,0,0,0,0,0,0,0,0,0,0,0,0,0,0,0,NPgY,Primary,NG FES - Electric Engagement (without DH HPs),Number of electric HGVs
AIREDALE ROAD,3,8,15,26,41,60,83,109,137,166,195,223,248,272,293,310,325,337,346,353,358,362,364,366,367,368,368,NPgY,Primary,NG FES - Electric Engagement (without DH HPs),Number of electric HGVs
ALDHAM,1,2,4,6,10,14,19,25,32,39,46,52,58,64,69,73,76,79,81,83,84,85,85,86,86,86,86,NPgY,Primary,NG FES - Electric Engagement (without DH HPs),Number of electric HGVs
ALFRED GELDER STREET,1,3,6,10,16,23,31,41,51,62,73,84,93,102,110,117,122,127,130,133,135,136,137,138,138,138,138,NPgY,Primary,NG FES - Electric Engagement (without DH HPs),Number of electric HGVs
ALLERTON HILL T1,0,0,0,0,0,0,0,0,0,0,0,0,0,0,0,0,0,0,0,0,0,0,0,0,0,0,0,NPgY,Primary,NG FES - Electric Engagement (without DH HPs),Number of electric HGVs
ALLERTON HILL T2,0,0,0,0,0,0,0,0,0,0,0,0,0,0,0,0,0,0,0,0,0,0,0,0,0,0,0,NPgY,Primary,NG FES - Electric Engagement (without DH HPs),Number of electric HGVs
ALVERTHORPE ROAD,0,1,2,4,6,9,12,16,20,25,29,33,37,40,43,46,48,50,51,52,53,54,54,54,55,55,55,NPgY,Primary,NG FES - Electric Engagement (without DH HPs),Number of electric HGVs
ARMOURIES DRIVE,0,0,0,0,0,0,0,0,0,0,0,0,0,0,0,0,0,0,0,0,0,0,0,0,0,0,0,NPgY,Primary,NG FES - Electric Engagement (without DH HPs),Number of electric HGVs
ARMTHORPE,1,2,4,7,11,16,22,29,36,44,52,59,66,72,77,82,86,89,91,93,95,96,96,97,97,97,97,NPgY,Primary,NG FES - Electric Engagement (without DH HPs),Number of electric HGVs
ARUNDEL STREET,0,0,0,0,0,0,0,0,0,0,0,0,0,0,0,0,0,0,0,0,0,0,0,0,0,0,0,NPgY,Primary,NG FES - Electric Engagement (without DH HPs),Number of electric HGVs
ASKERN,0,1,3,4,7,10,14,18,23,27,32,37,41,45,48,51,54,56,57,58,59,60,60,60,61,61,61,NPgY,Primary,NG FES - Electric Engagement (without DH HPs),Number of electric HGVs
AUDBY LANE,2,7,14,24,37,54,75,98,124,150,177,201,225,246,265,281,294,305,313,319,324,327,329,331,332,333,333,NPgY,Primary,NG FES - Electric Engagement (without DH HPs),Number of electric HGVs
AUSTERFIELD,0,0,1,2,2,4,5,6,8,10,12,13,15,16,17,18,19,20,21,21,21,21,22,22,22,22,22,NPgY,Primary,NG FES - Electric Engagement (without DH HPs),Number of electric HGVs
BAILIFF BRIDGE,0,0,0,0,0,0,0,0,0,0,0,0,0,0,0,0,0,0,0,0,0,0,0,0,0,0,0,NPgY,Primary,NG FES - Electric Engagement (without DH HPs),Number of electric HGVs
BALBY,0,0,0,0,0,0,0,0,0,0,0,0,0,0,0,0,0,0,0,0,0,0,0,0,0,0,0,NPgY,Primary,NG FES - Electric Engagement (without DH HPs),Number of electric HGVs
BALME STREET,1,2,4,7,10,15,21,27,34,41,48,55,62,67,72,77,80,83,86,87,89,90,90,91,91,91,91,NPgY,Primary,NG FES - Electric Engagement (without DH HPs),Number of electric HGVs
BARNBURGH,2,5,10,17,26,38,52,69,87,105,124,141,157,172,185,197,206,214,219,224,227,229,231,232,233,233,233,NPgY,Primary,NG FES - Electric Engagement (without DH HPs),Number of electric HGVs
BARNOLDSWICK,1,2,4,7,11,15,21,28,35,43,50,57,64,70,75,80,84,87,89,91,92,93,94,94,95,95,95,NPgY,Primary,NG FES - Electric Engagement (without DH HPs),Number of electric HGVs
BARNSLEY,0,0,1,1,1,2,3,4,5,5,6,7,8,9,10,10,11,11,11,12,12,12,12,12,12,12,12,NPgY,Primary,NG FES - Electric Engagement (without DH HPs),Number of electric HGVs
BARNSLEY ROAD,0,0,1,1,1,2,3,4,5,5,6,7,8,9,10,10,11,11,11,12,12,12,12,12,12,12,12,NPgY,Primary,NG FES - Electric Engagement (without DH HPs),Number of electric HGVs
BARROW,0,0,1,2,3,4,5,7,9,11,13,15,16,18,19,20,21,22,23,23,24,24,24,24,24,24,24,NPgY,Primary,NG FES - Electric Engagement (without DH HPs),Number of electric HGVs
BARUGH 66/11KV,2,6,13,22,34,50,68,90,113,137,161,184,205,224,241,256,268,278,286,291,296,299,301,302,303,304,304,NPgY,Primary,NG FES - Electric Engagement (without DH HPs),Number of electric HGVs
BARWICK,1,2,4,7,12,17,23,30,38,47,55,62,70,76,82,87,91,95,97,99,100,102,102,103,103,103,103,NPgY,Primary,NG FES - Electric Engagement (without DH HPs),Number of electric HGVs
BASLOW ROAD,0,0,0,0,0,0,0,0,0,0,0,0,0,0,0,0,0,0,0,0,0,0,0,0,0,0,0,NPgY,Primary,NG FES - Electric Engagement (without DH HPs),Number of electric HGVs
BATLEY,2,6,12,21,32,47,65,85,106,129,152,173,194,212,228,242,253,262,270,275,279,282,284,285,286,287,287,NPgY,Primary,NG FES - Electric Engagement (without DH HPs),Number of electric HGVs
BEAL,1,4,9,15,23,34,46,61,76,93,109,124,139,152,163,173,181,188,193,197,200,202,203,204,205,205,205,NPgY,Primary,NG FES - Electric Engagement (without DH HPs),Number of electric HGVs
BEESTON ROYDS 33/11KV,0,1,2,4,7,10,13,17,22,26,31,35,39,43,46,49,52,53,55,56,57,57,58,58,58,58,58,NPgY,Primary,NG FES - Electric Engagement (without DH HPs),Number of electric HGVs
BEESTON ROYDS 6/7,2,7,15,25,40,58,80,104,131,159,187,214,239,261,281,298,312,324,332,339,344,348,350,352,353,353,353,NPgY,Primary,NG FES - Electric Engagement (without DH HPs),Number of electric HGVs
BEIGHTON,3,8,15,26,41,60,83,109,137,167,196,223,249,273,294,311,326,338,347,354,359,363,366,367,368,369,369,NPgY,Primary,NG FES - Electric Engagement (without DH HPs),Number of electric HGVs
BELLHOUSE ROAD,0,1,1,2,3,5,7,9,11,13,15,18,20,22,23,25,26,27,27,28,28,29,29,29,29,29,29,NPgY,Primary,NG FES - Electric Engagement (without DH HPs),Number of electric HGVs
BELMONT AVENUE,3,8,16,27,42,61,85,111,140,170,200,228,254,278,299,318,333,345,354,361,366,370,373,374,376,376,376,NPgY,Primary,NG FES - Electric Engagement (without DH HPs),Number of electric HGVs
BELMONT COVERT,0,0,0,0,0,0,0,0,0,0,0,0,0,0,0,0,0,0,0,0,0,0,0,0,0,0,0,NPgY,Primary,NG FES - Electric Engagement (without DH HPs),Number of electric HGVs
BELTHORPE LANE,0,1,2,3,5,7,10,13,16,19,23,26,29,31,34,36,38,39,40,41,41,42,42,42,42,42,42,NPgY,Primary,NG FES - Electric Engagement (without DH HPs),Number of electric HGVs
BENTLEY,0,1,3,5,8,11,16,20,26,31,37,42,47,51,55,58,61,63,65,66,67,68,69,69,69,69,69,NPgY,Primary,NG FES - Electric Engagement (without DH HPs),Number of electric HGVs
BILLET LANE,0,0,0,0,0,0,0,0,0,0,0,0,0,0,0,0,0,0,0,0,0,0,0,0,0,0,0,NPgY,Primary,NG FES - Electric Engagement (without DH HPs),Number of electric HGVs
BINBROOK,0,0,0,0,0,0,0,0,0,0,0,0,0,0,0,0,0,0,0,0,0,0,0,0,0,0,0,NPgY,Primary,NG FES - Electric Engagement (without DH HPs),Number of electric HGVs
BINGLEY 33/11KV,0,0,1,1,2,3,4,5,6,8,9,10,11,13,14,14,15,16,16,16,17,17,17,17,17,17,17,NPgY,Primary,NG FES - Electric Engagement (without DH HPs),Number of electric HGVs
BIRKBY,1,3,7,12,18,27,37,48,61,74,87,99,111,121,130,138,145,150,154,157,160,161,162,163,164,164,164,NPgY,Primary,NG FES - Electric Engagement (without DH HPs),Number of electric HGVs
BLACKBURN MEADOWS 33/11KV,1,2,3,6,9,14,19,25,31,38,44,51,57,62,67,71,74,77,79,80,82,82,83,83,84,84,84,NPgY,Primary,NG FES - Electric Engagement (without DH HPs),Number of electric HGVs
BLUE BOY STREET,0,0,0,0,0,0,0,0,0,0,0,0,0,0,0,0,0,0,0,0,0,0,0,0,0,0,0,NPgY,Primary,NG FES - Electric Engagement (without DH HPs),Number of electric HGVs
BOLTON ROAD,0,0,1,1,2,3,4,5,6,8,9,10,11,13,14,14,15,16,16,16,17,17,17,17,17,17,17,NPgY,Primary,NG FES - Electric Engagement (without DH HPs),Number of electric HGVs
BOTTESFORD,0,0,0,0,0,0,0,0,0,0,0,0,0,0,0,0,0,0,0,0,0,0,0,0,0,0,0,NPgY,Primary,NG FES - Electric Engagement (without DH HPs),Number of electric HGVs
BRAMHOPE,0,0,0,0,0,0,0,0,0,0,0,0,0,0,0,0,0,0,0,0,0,0,0,0,0,0,0,NPgY,Primary,NG FES - Electric Engagement (without DH HPs),Number of electric HGVs
BRAMLEY,0,1,2,3,4,6,8,11,14,16,19,22,25,27,29,31,32,33,34,35,35,36,36,36,36,36,36,NPgY,Primary,NG FES - Electric Engagement (without DH HPs),Number of electric HGVs
BRETT STREET,1,3,7,12,18,27,37,48,61,74,87,99,111,121,130,138,145,150,154,157,160,161,162,163,164,164,164,NPgY,Primary,NG FES - Electric Engagement (without DH HPs),Number of electric HGVs
BRIDGES ROAD,1,3,6,11,17,24,33,44,55,67,79,90,100,109,118,125,131,136,139,142,144,146,147,147,148,148,148,NPgY,Primary,NG FES - Electric Engagement (without DH HPs),Number of electric HGVs
BRIGHOUSE 33/11KV,0,1,2,3,5,7,10,13,16,19,23,26,29,31,34,36,38,39,40,41,41,42,42,42,42,42,42,NPgY,Primary,NG FES - Electric Engagement (without DH HPs),Number of electric HGVs
BRODSWORTH,6,17,34,59,93,135,186,244,307,373,439,501,558,611,658,698,731,757,778,794,805,813,819,823,825,827,827,NPgY,Primary,NG FES - Electric Engagement (without DH HPs),Number of electric HGVs
BROOKFIELD STREET,0,1,2,4,6,9,12,16,20,25,29,33,37,40,43,46,48,50,51,52,53,54,54,54,55,55,55,NPgY,Primary,NG FES - Electric Engagement (without DH HPs),Number of electric HGVs
BTP,0,0,0,0,0,0,0,0,0,0,0,0,0,0,0,0,0,0,0,0,0,0,0,0,0,0,0,NPgY,Primary,NG FES - Electric Engagement (without DH HPs),Number of electric HGVs
BURLEY STREET,0,1,1,2,3,5,7,9,11,14,16,18,21,22,24,26,27,28,29,29,30,30,30,30,30,30,30,NPgY,Primary,NG FES - Electric Engagement (without DH HPs),Number of electric HGVs
BURMANTOFTS,0,0,0,0,0,0,0,0,0,0,0,0,0,0,0,0,0,0,0,0,0,0,0,0,0,0,0,NPgY,Primary,NG FES - Electric Engagement (without DH HPs),Number of electric HGVs
BURNLEYVILLE,4,11,21,37,57,84,115,151,190,231,272,310,346,379,408,432,453,469,482,492,499,504,507,510,511,512,512,NPgY,Primary,NG FES - Electric Engagement (without DH HPs),Number of electric HGVs
BURTON PIDSEA,0,0,0,0,0,0,0,0,0,0,0,0,0,0,0,0,0,0,0,0,0,0,0,0,0,0,0,NPgY,Primary,NG FES - Electric Engagement (without DH HPs),Number of electric HGVs
BURTON ROAD,0,0,0,0,0,0,0,0,0,0,0,0,0,0,0,0,0,0,0,0,0,0,0,0,0,0,0,NPgY,Primary,NG FES - Electric Engagement (without DH HPs),Number of electric HGVs
BUSLINGTHORPE GREEN,1,2,3,6,9,13,19,24,31,37,44,50,56,61,66,70,73,76,78,79,80,81,82,82,82,83,83,NPgY,Primary,NG FES - Electric Engagement (without DH HPs),Number of electric HGVs
BUTTERWICK,0,0,1,2,3,4,5,7,9,11,13,15,16,18,19,20,21,22,23,23,24,24,24,24,24,24,24,NPgY,Primary,NG FES - Electric Engagement (without DH HPs),Number of electric HGVs
CAISTOR,0,0,0,0,0,0,0,0,0,0,0,0,0,0,0,0,0,0,0,0,0,0,0,0,0,0,0,NPgY,Primary,NG FES - Electric Engagement (without DH HPs),Number of electric HGVs
CALDER WHARF,2,6,12,20,32,47,64,84,106,129,151,173,193,211,227,241,252,261,268,274,278,281,283,284,285,285,285,NPgY,Primary,NG FES - Electric Engagement (without DH HPs),Number of electric HGVs
CARLTON HILL,0,0,0,0,0,0,0,0,0,0,0,0,0,0,0,0,0,0,0,0,0,0,0,0,0,0,0,NPgY,Primary,NG FES - Electric Engagement (without DH HPs),Number of electric HGVs
CARR LANE,1,3,6,11,17,24,34,44,55,67,79,90,101,110,119,126,132,137,141,143,145,147,148,149,149,149,149,NPgY,Primary,NG FES - Electric Engagement (without DH HPs),Number of electric HGVs
CHELKER RESERVOIR,0,1,1,2,3,5,6,8,10,13,15,17,19,21,22,24,25,26,26,27,27,27,28,28,28,28,28,NPgY,Primary,NG FES - Electric Engagement (without DH HPs),Number of electric HGVs
CHEVIN END,0,0,0,0,0,0,0,0,0,0,0,0,0,0,0,0,0,0,0,0,0,0,0,0,0,0,0,NPgY,Primary,NG FES - Electric Engagement (without DH HPs),Number of electric HGVs
CLARENCE ROAD,0,0,0,0,0,0,0,0,0,0,0,0,0,0,0,0,0,0,0,0,0,0,0,0,0,0,0,NPgY,Primary,NG FES - Electric Engagement (without DH HPs),Number of electric HGVs
CLARENDON ROAD,0,0,0,0,0,0,0,0,0,0,0,0,0,0,0,0,0,0,0,0,0,0,0,0,0,0,0,NPgY,Primary,NG FES - Electric Engagement (without DH HPs),Number of electric HGVs
CLARENDON STREET,0,1,2,3,5,7,10,13,16,19,23,26,29,31,34,36,38,39,40,41,41,42,42,42,42,42,42,NPgY,Primary,NG FES - Electric Engagement (without DH HPs),Number of electric HGVs
CLAYWHEELS LANE,1,3,6,11,17,24,33,44,55,67,79,90,100,109,118,125,131,136,139,142,144,146,147,147,148,148,148,NPgY,Primary,NG FES - Electric Engagement (without DH HPs),Number of electric HGVs
CLOUGH LANE,0,1,2,3,5,7,10,13,16,19,23,26,29,31,34,36,38,39,40,41,41,42,42,42,42,42,42,NPgY,Primary,NG FES - Electric Engagement (without DH HPs),Number of electric HGVs
COMMONSIDE LANE,2,5,9,16,25,37,51,67,84,102,120,137,153,168,181,192,201,208,214,218,221,223,225,226,227,227,227,NPgY,Primary,NG FES - Electric Engagement (without DH HPs),Number of electric HGVs
CONVAMORE ROAD,0,1,2,3,5,8,10,14,17,21,24,28,31,34,37,39,41,42,43,44,45,45,46,46,46,46,46,NPgY,Primary,NG FES - Electric Engagement (without DH HPs),Number of electric HGVs
CONYARD ROAD,0,0,0,0,0,0,0,0,0,0,0,0,0,0,0,0,0,0,0,0,0,0,0,0,0,0,0,NPgY,Primary,NG FES - Electric Engagement (without DH HPs),Number of electric HGVs
CORNWALL STREET,6,18,35,61,96,140,192,253,318,386,454,517,577,632,680,721,755,783,804,820,832,841,846,850,853,855,855,NPgY,Primary,NG FES - Electric Engagement (without DH HPs),Number of electric HGVs
CORRINGHAM ROAD,1,3,5,9,14,20,28,37,46,56,66,76,84,92,99,106,111,115,118,120,122,123,124,124,125,125,125,NPgY,Primary,NG FES - Electric Engagement (without DH HPs),Number of electric HGVs
COSTHORPE,1,2,5,8,13,19,26,34,43,53,62,71,79,86,93,98,103,107,110,112,113,115,115,116,116,117,117,NPgY,Primary,NG FES - Electric Engagement (without DH HPs),Number of electric HGVs
COUNTY ROAD NORTH,0,0,0,0,0,0,0,0,0,0,0,0,0,0,0,0,0,0,0,0,0,0,0,0,0,0,0,NPgY,Primary,NG FES - Electric Engagement (without DH HPs),Number of electric HGVs
CRACOE,1,2,3,5,8,12,17,22,28,34,40,46,51,56,60,64,67,69,71,72,73,74,75,75,75,75,75,NPgY,Primary,NG FES - Electric Engagement (without DH HPs),Number of electric HGVs
CROOKESMOOR ROAD,0,1,1,2,3,4,6,8,10,12,14,16,18,20,21,23,24,24,25,26,26,26,26,27,27,27,27,NPgY,Primary,NG FES - Electric Engagement (without DH HPs),Number of electric HGVs
CROSSHILLS,1,4,7,12,19,28,39,51,64,77,91,104,116,127,136,144,151,157,161,164,167,168,170,170,171,171,171,NPgY,Primary,NG FES - Electric Engagement (without DH HPs),Number of electric HGVs
CROWLE,0,0,0,0,0,0,0,0,0,0,0,0,0,0,0,0,0,0,0,0,0,0,0,0,0,0,0,NPgY,Primary,NG FES - Electric Engagement (without DH HPs),Number of electric HGVs
CROWN STREET,0,1,2,3,5,7,9,12,15,19,22,25,28,31,33,35,36,38,39,40,40,41,41,41,41,41,41,NPgY,Primary,NG FES - Electric Engagement (without DH HPs),Number of electric HGVs
DALTON,0,0,1,1,1,2,3,4,5,6,7,8,9,10,11,11,12,12,13,13,13,13,13,13,13,13,13,NPgY,Primary,NG FES - Electric Engagement (without DH HPs),Number of electric HGVs
DARNALL,1,4,7,13,20,29,39,52,65,79,93,106,118,129,139,147,155,160,165,168,170,172,173,174,174,175,175,NPgY,Primary,NG FES - Electric Engagement (without DH HPs),Number of electric HGVs
DEARNE ROAD,1,2,4,6,10,14,19,25,32,38,45,51,57,63,68,72,75,78,80,82,83,84,84,85,85,85,85,NPgY,Primary,NG FES - Electric Engagement (without DH HPs),Number of electric HGVs
DEIGHTON,2,5,9,16,26,37,51,67,85,103,121,138,154,169,182,193,202,209,215,219,222,225,226,227,228,228,228,NPgY,Primary,NG FES - Electric Engagement (without DH HPs),Number of electric HGVs
DENBY DALE ROAD,2,5,10,17,27,39,54,71,89,108,128,146,162,178,191,203,212,220,226,231,234,236,238,239,240,240,240,NPgY,Primary,NG FES - Electric Engagement (without DH HPs),Number of electric HGVs
DENBY GRANGE,0,0,1,1,2,2,3,4,5,7,8,9,10,11,12,12,13,13,14,14,14,14,14,14,15,15,15,NPgY,Primary,NG FES - Electric Engagement (without DH HPs),Number of electric HGVs
DENHOLME,0,0,0,0,0,0,0,0,0,0,0,0,0,0,0,0,0,0,0,0,0,0,0,0,0,0,0,NPgY,Primary,NG FES - Electric Engagement (without DH HPs),Number of electric HGVs
DINNINGTON,2,7,14,24,38,56,77,101,127,154,181,207,230,252,271,288,302,312,321,327,332,336,338,339,340,341,341,NPgY,Primary,NG FES - Electric Engagement (without DH HPs),Number of electric HGVs
DOUGHTY ROAD,0,1,2,4,6,8,11,15,19,23,27,31,34,38,41,43,45,47,48,49,50,50,51,51,51,51,51,NPgY,Primary,NG FES - Electric Engagement (without DH HPs),Number of electric HGVs
DOWKER STREET,0,1,2,4,6,9,13,16,21,25,30,34,38,41,44,47,49,51,53,54,54,55,55,56,56,56,56,NPgY,Primary,NG FES - Electric Engagement (without DH HPs),Number of electric HGVs
DRAX PRIMARY,0,1,1,2,4,6,8,10,13,15,18,21,23,25,27,29,30,31,32,33,33,33,34,34,34,34,34,NPgY,Primary,NG FES - Electric Engagement (without DH HPs),Number of electric HGVs
DRIFFIELD,1,3,6,11,17,25,34,45,56,68,81,92,103,112,121,128,134,139,143,146,148,149,150,151,151,152,152,NPgY,Primary,NG FES - Electric Engagement (without DH HPs),Number of electric HGVs
DRONFIELD,0,0,1,1,1,2,3,4,5,5,6,7,8,9,10,10,11,11,11,12,12,12,12,12,12,12,12,NPgY,Primary,NG FES - Electric Engagement (without DH HPs),Number of electric HGVs
DUDLEY HILL,5,14,27,47,74,108,148,195,245,297,350,399,445,487,524,556,583,604,620,633,642,648,653,656,658,659,659,NPgY,Primary,NG FES - Electric Engagement (without DH HPs),Number of electric HGVs
DUNKESWICK,0,0,0,0,0,0,0,0,0,0,0,0,0,0,0,0,0,0,0,0,0,0,0,0,0,0,0,NPgY,Primary,NG FES - Electric Engagement (without DH HPs),Number of electric HGVs
DURKAR LOW LANE,1,2,4,7,11,16,22,29,36,44,52,59,66,72,77,82,86,89,91,93,95,96,96,97,97,97,97,NPgY,Primary,NG FES - Electric Engagement (without DH HPs),Number of electric HGVs
EASINGTON,0,0,0,0,0,0,0,0,0,0,0,0,0,0,0,0,0,0,0,0,0,0,0,0,0,0,0,NPgY,Primary,NG FES - Electric Engagement (without DH HPs),Number of electric HGVs
EASTFIELD ROAD,11,32,64,110,172,251,346,454,571,693,816,930,1038,1136,1223,1297,1358,1408,1446,1475,1497,1512,1522,1529,1534,1537,1537,NPgY,Primary,NG FES - Electric Engagement (without DH HPs),Number of electric HGVs
ECCLESFIELD,1,3,6,10,15,22,30,40,50,61,72,82,91,100,107,114,119,123,127,129,131,133,133,134,134,135,135,NPgY,Primary,NG FES - Electric Engagement (without DH HPs),Number of electric HGVs
EDLINGTON,2,7,14,24,37,55,75,99,124,151,177,202,226,247,266,282,295,306,314,320,325,328,331,332,333,334,334,NPgY,Primary,NG FES - Electric Engagement (without DH HPs),Number of electric HGVs
EGGBOROUGH,3,10,19,33,52,76,105,138,173,210,247,282,315,345,371,393,412,427,439,448,454,459,462,464,465,466,466,NPgY,Primary,NG FES - Electric Engagement (without DH HPs),Number of electric HGVs
ELGAR ROAD,0,0,0,0,0,0,0,0,0,0,0,0,0,0,0,0,0,0,0,0,0,0,0,0,0,0,0,NPgY,Primary,NG FES - Electric Engagement (without DH HPs),Number of electric HGVs
ELLAND 33/11KV,1,2,3,6,9,13,19,24,31,37,44,50,56,61,66,70,73,76,78,79,80,81,82,82,82,83,83,NPgY,Primary,NG FES - Electric Engagement (without DH HPs),Number of electric HGVs
ELLIFOOT LANE,0,0,0,0,0,0,0,0,0,0,0,0,0,0,0,0,0,0,0,0,0,0,0,0,0,0,0,NPgY,Primary,NG FES - Electric Engagement (without DH HPs),Number of electric HGVs
ELLIN STREET 1/3,0,0,0,0,0,0,0,0,0,0,0,0,0,0,0,0,0,0,0,0,0,0,0,0,0,0,0,NPgY,Primary,NG FES - Electric Engagement (without DH HPs),Number of electric HGVs
ELLIN STREET 2,0,0,0,0,0,0,0,0,0,0,0,0,0,0,0,0,0,0,0,0,0,0,0,0,0,0,0,NPgY,Primary,NG FES - Electric Engagement (without DH HPs),Number of electric HGVs
ELMHIRST LANE 1,0,0,0,0,0,0,0,0,0,0,0,0,0,0,0,0,0,0,0,0,0,0,0,0,0,0,0,NPgY,Primary,NG FES - Electric Engagement (without DH HPs),Number of electric HGVs
ELMHIRST LANE 2,2,5,9,16,25,37,51,67,84,102,120,137,153,168,181,192,201,208,214,218,221,223,225,226,227,227,227,NPgY,Primary,NG FES - Electric Engagement (without DH HPs),Number of electric HGVs
ELSECAR,0,0,0,0,0,0,0,0,0,0,0,0,0,0,0,0,0,0,0,0,0,0,0,0,0,0,0,NPgY,Primary,NG FES - Electric Engagement (without DH HPs),Number of electric HGVs
ENDIKE LANE,0,0,1,1,2,3,5,6,8,9,11,12,14,15,16,17,18,19,19,20,20,20,20,21,21,21,21,NPgY,Primary,NG FES - Electric Engagement (without DH HPs),Number of electric HGVs
EPWORTH,3,8,17,29,45,65,90,118,148,180,211,241,269,294,317,336,352,365,375,382,388,392,394,396,397,398,398,NPgY,Primary,NG FES - Electric Engagement (without DH HPs),Number of electric HGVs
FARNLEY CRESCENT,0,1,2,3,5,8,11,14,18,22,26,29,33,36,39,41,43,44,46,47,47,48,48,48,48,49,49,NPgY,Primary,NG FES - Electric Engagement (without DH HPs),Number of electric HGVs
FENTON LANE,0,0,0,0,0,0,0,0,0,0,0,0,0,0,0,0,0,0,0,0,0,0,0,0,0,0,0,NPgY,Primary,NG FES - Electric Engagement (without DH HPs),Number of electric HGVs
FERRYBRIDGE A 11KV,1,3,6,10,16,23,32,42,52,64,75,85,95,104,112,119,124,129,133,135,137,139,139,140,141,141,141,NPgY,Primary,NG FES - Electric Engagement (without DH HPs),Number of electric HGVs
FIR TREE LANE,0,0,0,0,0,0,0,0,0,0,0,0,0,0,0,0,0,0,0,0,0,0,0,0,0,0,0,NPgY,Primary,NG FES - Electric Engagement (without DH HPs),Number of electric HGVs
FIRST AVENUE,0,1,1,2,4,5,7,9,12,14,17,19,21,23,25,27,28,29,30,30,31,31,31,31,32,32,32,NPgY,Primary,NG FES - Electric Engagement (without DH HPs),Number of electric HGVs
FIRTH BROWN,0,0,0,0,0,0,0,0,0,0,0,0,0,0,0,0,0,0,0,0,0,0,0,0,0,0,0,NPgY,Primary,NG FES - Electric Engagement (without DH HPs),Number of electric HGVs
FISH DAM LANE,1,3,7,12,19,28,38,50,63,76,90,102,114,125,134,142,149,155,159,162,164,166,167,168,168,169,169,NPgY,Primary,NG FES - Electric Engagement (without DH HPs),Number of electric HGVs
FLIXBOROUGH,4,11,23,40,62,91,125,164,206,250,294,336,375,410,441,468,490,508,522,533,540,546,549,552,554,555,555,NPgY,Primary,NG FES - Electric Engagement (without DH HPs),Number of electric HGVs
FOLLY HALL,0,0,0,0,0,0,0,0,0,0,0,0,0,0,0,0,0,0,0,0,0,0,0,0,0,0,0,NPgY,Primary,NG FES - Electric Engagement (without DH HPs),Number of electric HGVs
FOUR LANE ENDS,0,0,1,1,1,2,3,4,5,5,6,7,8,9,10,10,11,11,11,12,12,12,12,12,12,12,12,NPgY,Primary,NG FES - Electric Engagement (without DH HPs),Number of electric HGVs
FOXHILLS,3,10,21,36,56,82,113,148,186,226,266,304,339,371,399,423,443,459,472,481,488,493,497,499,500,501,501,NPgY,Primary,NG FES - Electric Engagement (without DH HPs),Number of electric HGVs
FULLERTON ROAD,1,2,4,7,11,16,22,29,36,44,52,59,66,72,77,82,86,89,91,93,95,96,96,97,97,97,97,NPgY,Primary,NG FES - Electric Engagement (without DH HPs),Number of electric HGVs
FURNESS AVENUE,1,1,3,5,8,12,16,22,27,33,39,44,49,54,58,61,64,67,69,70,71,72,72,72,73,73,73,NPgY,Primary,NG FES - Electric Engagement (without DH HPs),Number of electric HGVs
GAISBY LANE,1,2,5,8,13,19,26,34,43,53,62,71,79,86,93,98,103,107,110,112,113,115,115,116,116,117,117,NPgY,Primary,NG FES - Electric Engagement (without DH HPs),Number of electric HGVs
GIBRALTAR ROAD,2,7,14,24,37,55,75,99,124,151,177,202,226,247,266,282,295,306,314,320,325,328,331,332,333,334,334,NPgY,Primary,NG FES - Electric Engagement (without DH HPs),Number of electric HGVs
GIBSON LANE,3,10,20,34,53,77,107,140,176,214,251,287,320,350,377,399,418,434,446,454,461,466,469,471,473,474,474,NPgY,Primary,NG FES - Electric Engagement (without DH HPs),Number of electric HGVs
GILDERSOME,2,7,14,25,39,56,78,102,128,156,183,209,233,255,274,291,305,316,324,331,336,339,341,343,344,345,345,NPgY,Primary,NG FES - Electric Engagement (without DH HPs),Number of electric HGVs
GLEADLESS VALLEY,0,0,0,0,0,0,0,0,0,0,0,0,0,0,0,0,0,0,0,0,0,0,0,0,0,0,0,NPgY,Primary,NG FES - Electric Engagement (without DH HPs),Number of electric HGVs
GOOLE,6,18,36,61,96,140,193,253,318,386,454,518,578,633,681,722,756,784,805,822,833,842,848,852,854,856,856,NPgY,Primary,NG FES - Electric Engagement (without DH HPs),Number of electric HGVs
GRAINTHORPE,0,0,1,1,2,3,4,5,7,8,10,11,12,13,14,15,16,17,17,17,18,18,18,18,18,18,18,NPgY,Primary,NG FES - Electric Engagement (without DH HPs),Number of electric HGVs
GREAT COATES,0,0,1,1,1,2,3,4,5,5,6,7,8,9,10,10,11,11,11,12,12,12,12,12,12,12,12,NPgY,Primary,NG FES - Electric Engagement (without DH HPs),Number of electric HGVs
GREENHILL,0,0,0,0,0,0,0,0,0,0,0,0,0,0,0,0,0,0,0,0,0,0,0,0,0,0,0,NPgY,Primary,NG FES - Electric Engagement (without DH HPs),Number of electric HGVs
GREYFRIARS RD,0,1,1,2,3,4,6,8,10,12,14,16,18,20,21,23,24,24,25,26,26,26,26,27,27,27,27,NPgY,Primary,NG FES - Electric Engagement (without DH HPs),Number of electric HGVs
GREYFRIARS ROAD 3/4,0,0,1,2,2,4,5,6,8,10,12,13,15,16,17,18,19,20,21,21,21,21,22,22,22,22,22,NPgY,Primary,NG FES - Electric Engagement (without DH HPs),Number of electric HGVs
GRIMETHORPE,1,4,7,12,19,28,39,51,64,78,91,104,116,127,137,145,152,158,162,165,168,170,171,172,172,172,172,NPgY,Primary,NG FES - Electric Engagement (without DH HPs),Number of electric HGVs
GROVE STREET,0,0,0,0,0,0,0,0,0,0,0,0,0,0,0,0,0,0,0,0,0,0,0,0,0,0,0,NPgY,Primary,NG FES - Electric Engagement (without DH HPs),Number of electric HGVs
GUARDIAN GLASS,0,0,0,0,0,0,0,0,0,0,0,0,0,0,0,0,0,0,0,0,0,0,0,0,0,0,0,NPgY,Primary,NG FES - Electric Engagement (without DH HPs),Number of electric HGVs
HACKENTHORPE,0,0,0,0,0,0,0,0,0,0,0,0,0,0,0,0,0,0,0,0,0,0,0,0,0,0,0,NPgY,Primary,NG FES - Electric Engagement (without DH HPs),Number of electric HGVs
HALIFAX 33/11KV,0,1,2,4,6,9,12,15,19,24,28,32,35,39,42,44,46,48,49,50,51,51,52,52,52,52,52,NPgY,Primary,NG FES - Electric Engagement (without DH HPs),Number of electric HGVs
HALLAM STREET,0,0,0,0,0,0,0,0,0,0,0,0,0,0,0,0,0,0,0,0,0,0,0,0,0,0,0,NPgY,Primary,NG FES - Electric Engagement (without DH HPs),Number of electric HGVs
HARDEN,0,1,1,2,4,5,7,9,12,14,17,19,21,23,25,27,28,29,30,30,31,31,31,31,32,32,32,NPgY,Primary,NG FES - Electric Engagement (without DH HPs),Number of electric HGVs
HARPSWELL,0,1,1,2,3,5,7,9,11,13,15,18,20,22,23,25,26,27,27,28,28,29,29,29,29,29,29,NPgY,Primary,NG FES - Electric Engagement (without DH HPs),Number of electric HGVs
HARWORTH,1,3,7,12,18,27,37,48,60,73,86,98,110,120,129,137,144,149,153,156,158,160,161,162,162,163,163,NPgY,Primary,NG FES - Electric Engagement (without DH HPs),Number of electric HGVs
HAWORTH 1,0,0,1,2,3,4,5,7,9,11,13,15,16,18,19,20,21,22,23,23,24,24,24,24,24,24,24,NPgY,Primary,NG FES - Electric Engagement (without DH HPs),Number of electric HGVs
HAWORTH 2,0,0,0,0,0,0,0,0,0,0,0,0,0,0,0,0,0,0,0,0,0,0,0,0,0,0,0,NPgY,Primary,NG FES - Electric Engagement (without DH HPs),Number of electric HGVs
HAXEY,0,0,1,1,2,3,4,5,6,8,9,10,11,13,14,14,15,16,16,16,17,17,17,17,17,17,17,NPgY,Primary,NG FES - Electric Engagement (without DH HPs),Number of electric HGVs
HAYTON,1,4,8,15,23,33,46,60,75,91,108,123,137,150,161,171,179,186,191,195,197,199,201,202,202,203,203,NPgY,Primary,NG FES - Electric Engagement (without DH HPs),Number of electric HGVs
HAZLEHEAD,1,3,6,10,16,23,31,41,52,63,74,85,94,103,111,118,123,128,131,134,136,137,138,139,139,140,140,NPgY,Primary,NG FES - Electric Engagement (without DH HPs),Number of electric HGVs
HEBDEN BRIDGE,0,0,0,0,0,0,0,0,0,0,0,0,0,0,0,0,0,0,0,0,0,0,0,0,0,0,0,NPgY,Primary,NG FES - Electric Engagement (without DH HPs),Number of electric HGVs
HEDLEY CHASE,0,1,2,4,6,9,12,16,20,25,29,33,37,40,43,46,48,50,51,52,53,54,54,54,55,55,55,NPgY,Primary,NG FES - Electric Engagement (without DH HPs),Number of electric HGVs
HEDON ROAD,0,1,2,4,6,9,13,16,21,25,30,34,38,41,44,47,49,51,53,54,54,55,55,56,56,56,56,NPgY,Primary,NG FES - Electric Engagement (without DH HPs),Number of electric HGVs
HEMSWORTH,1,3,6,10,16,23,31,41,52,63,74,85,94,103,111,118,123,128,131,134,136,137,138,139,139,140,140,NPgY,Primary,NG FES - Electric Engagement (without DH HPs),Number of electric HGVs
HESSLE ROAD 1,0,1,2,3,5,7,10,13,17,20,24,27,30,33,36,38,40,41,42,43,44,44,44,45,45,45,45,NPgY,Primary,NG FES - Electric Engagement (without DH HPs),Number of electric HGVs
HESSLE ROAD 2,1,3,6,10,16,23,31,41,52,63,74,85,94,103,111,118,123,128,131,134,136,137,138,139,139,140,140,NPgY,Primary,NG FES - Electric Engagement (without DH HPs),Number of electric HGVs
HIBALDSTOW,1,4,8,14,22,32,44,58,73,89,104,119,133,145,156,166,174,180,185,189,192,193,195,196,196,197,197,NPgY,Primary,NG FES - Electric Engagement (without DH HPs),Number of electric HGVs
HICKLETON,0,1,2,4,6,9,12,16,20,25,29,33,37,40,43,46,48,50,51,52,53,54,54,54,55,55,55,NPgY,Primary,NG FES - Electric Engagement (without DH HPs),Number of electric HGVs
HILLCREST,0,0,0,0,0,0,0,0,0,0,0,0,0,0,0,0,0,0,0,0,0,0,0,0,0,0,0,NPgY,Primary,NG FES - Electric Engagement (without DH HPs),Number of electric HGVs
HOLBECK,1,4,7,13,20,29,40,52,66,80,94,107,120,131,141,150,157,162,167,170,173,174,176,176,177,177,177,NPgY,Primary,NG FES - Electric Engagement (without DH HPs),Number of electric HGVs
HOLDERNESS,0,0,1,1,2,2,3,4,5,7,8,9,10,11,12,12,13,13,14,14,14,14,14,14,15,15,15,NPgY,Primary,NG FES - Electric Engagement (without DH HPs),Number of electric HGVs
HOLME UPON SPALDING MOOR,0,1,2,4,6,9,12,16,20,25,29,33,37,40,43,46,48,50,51,52,53,54,54,54,55,55,55,NPgY,Primary,NG FES - Electric Engagement (without DH HPs),Number of electric HGVs
HONLEY,1,2,5,8,12,18,25,33,41,50,59,67,75,82,88,93,98,101,104,106,108,109,109,110,110,110,110,NPgY,Primary,NG FES - Electric Engagement (without DH HPs),Number of electric HGVs
HOPE,0,1,1,2,4,6,8,10,13,15,18,21,23,25,27,29,30,31,32,33,33,33,34,34,34,34,34,NPgY,Primary,NG FES - Electric Engagement (without DH HPs),Number of electric HGVs
HORBURY,0,1,1,2,4,5,7,9,12,14,17,19,21,23,25,27,28,29,30,30,31,31,31,31,32,32,32,NPgY,Primary,NG FES - Electric Engagement (without DH HPs),Number of electric HGVs
HOUGHTON MAIN,1,3,6,10,15,22,30,39,50,60,71,81,90,99,106,113,118,122,126,128,130,131,132,133,133,134,134,NPgY,Primary,NG FES - Electric Engagement (without DH HPs),Number of electric HGVs
HULL EAST 33/11KV,3,8,17,29,46,67,93,122,153,186,218,249,278,304,327,347,364,377,387,395,401,405,408,409,411,412,412,NPgY,Primary,NG FES - Electric Engagement (without DH HPs),Number of electric HGVs
HUMBER ROAD,0,0,0,0,0,0,0,0,0,0,0,0,0,0,0,0,0,0,0,0,0,0,0,0,0,0,0,NPgY,Primary,NG FES - Electric Engagement (without DH HPs),Number of electric HGVs
HUNMANBY,0,0,1,2,3,4,5,7,9,11,13,15,16,18,19,20,21,22,23,23,24,24,24,24,24,24,24,NPgY,Primary,NG FES - Electric Engagement (without DH HPs),Number of electric HGVs
ICI FIBRES,0,0,0,0,0,0,0,0,0,0,0,0,0,0,0,0,0,0,0,0,0,0,0,0,0,0,0,NPgY,Primary,NG FES - Electric Engagement (without DH HPs),Number of electric HGVs
IDLE,0,1,1,2,3,5,7,9,11,14,16,18,21,22,24,26,27,28,29,29,30,30,30,30,30,30,30,NPgY,Primary,NG FES - Electric Engagement (without DH HPs),Number of electric HGVs
ILKLEY,0,0,0,0,0,0,0,0,0,0,0,0,0,0,0,0,0,0,0,0,0,0,0,0,0,0,0,NPgY,Primary,NG FES - Electric Engagement (without DH HPs),Number of electric HGVs
INGS LANE,1,2,3,6,9,13,18,23,29,36,42,48,53,58,63,67,70,72,74,76,77,78,78,79,79,79,79,NPgY,Primary,NG FES - Electric Engagement (without DH HPs),Number of electric HGVs
IVESON HOUSE,0,0,0,0,0,0,0,0,0,0,0,0,0,0,0,0,0,0,0,0,0,0,0,0,0,0,0,NPgY,Primary,NG FES - Electric Engagement (without DH HPs),Number of electric HGVs
JARRATT STREET,2,5,10,18,28,41,57,75,94,114,134,153,171,187,201,213,223,231,238,242,246,248,250,251,252,253,253,NPgY,Primary,NG FES - Electric Engagement (without DH HPs),Number of electric HGVs
KEDDINGTON ROAD,0,0,0,0,0,0,0,0,0,0,0,0,0,0,0,0,0,0,0,0,0,0,0,0,0,0,0,NPgY,Primary,NG FES - Electric Engagement (without DH HPs),Number of electric HGVs
KEIGHLEY,0,0,1,1,2,3,4,5,6,8,9,10,11,13,14,14,15,16,16,16,17,17,17,17,17,17,17,NPgY,Primary,NG FES - Electric Engagement (without DH HPs),Number of electric HGVs
KENMORE ROAD,1,3,7,12,18,27,37,48,61,74,87,99,111,121,130,138,145,150,154,157,160,161,162,163,164,164,164,NPgY,Primary,NG FES - Electric Engagement (without DH HPs),Number of electric HGVs
KILLINGHALL ROAD,0,0,0,0,0,0,0,0,0,0,0,0,0,0,0,0,0,0,0,0,0,0,0,0,0,0,0,NPgY,Primary,NG FES - Electric Engagement (without DH HPs),Number of electric HGVs
KILNHURST,1,2,4,7,10,15,21,28,35,42,50,57,63,69,74,79,83,86,88,90,91,92,93,93,93,93,93,NPgY,Primary,NG FES - Electric Engagement (without DH HPs),Number of electric HGVs
KING GEORGE DOCK,4,11,23,40,63,91,126,165,208,253,297,339,378,414,445,472,495,513,527,537,545,551,554,557,559,560,560,NPgY,Primary,NG FES - Electric Engagement (without DH HPs),Number of electric HGVs
KIRK DRIVE,1,2,3,6,9,13,18,23,29,36,42,48,53,58,63,67,70,72,74,76,77,78,78,79,79,79,79,NPgY,Primary,NG FES - Electric Engagement (without DH HPs),Number of electric HGVs
KIRK SANDALL,6,18,37,64,101,147,202,265,333,405,476,543,606,663,714,757,793,822,844,861,874,882,889,893,895,897,897,NPgY,Primary,NG FES - Electric Engagement (without DH HPs),Number of electric HGVs
KIRKBURN,1,3,6,11,17,24,34,44,55,67,79,90,101,110,119,126,132,137,141,143,145,147,148,149,149,149,149,NPgY,Primary,NG FES - Electric Engagement (without DH HPs),Number of electric HGVs
KIVETON PARK,1,1,3,5,8,12,16,22,27,33,39,44,49,54,58,61,64,67,69,70,71,72,72,72,73,73,73,NPgY,Primary,NG FES - Electric Engagement (without DH HPs),Number of electric HGVs
LEA ROAD,0,1,2,3,4,6,8,11,14,16,19,22,25,27,29,31,32,33,34,35,35,36,36,36,36,36,36,NPgY,Primary,NG FES - Electric Engagement (without DH HPs),Number of electric HGVs
LEASOWE ROAD,9,28,56,98,153,222,306,402,506,614,722,824,919,1006,1083,1148,1203,1247,1281,1306,1325,1339,1348,1354,1358,1361,1361,NPgY,Primary,NG FES - Electric Engagement (without DH HPs),Number of electric HGVs
LEDSTON,1,4,8,13,20,30,41,53,67,82,96,110,122,134,144,153,160,166,170,174,176,178,179,180,181,181,181,NPgY,Primary,NG FES - Electric Engagement (without DH HPs),Number of electric HGVs
LEEDS ROAD,0,0,0,0,0,0,0,0,0,0,0,0,0,0,0,0,0,0,0,0,0,0,0,0,0,0,0,NPgY,Primary,NG FES - Electric Engagement (without DH HPs),Number of electric HGVs
LEGRAMS MILL LANE,0,1,2,3,4,6,8,11,14,16,19,22,25,27,29,31,32,33,34,35,35,36,36,36,36,36,36,NPgY,Primary,NG FES - Electric Engagement (without DH HPs),Number of electric HGVs
LEYLANDS ROAD,0,0,0,0,0,0,0,0,0,0,0,0,0,0,0,0,0,0,0,0,0,0,0,0,0,0,0,NPgY,Primary,NG FES - Electric Engagement (without DH HPs),Number of electric HGVs
LIVERSEDGE,0,1,2,3,4,6,8,11,14,16,19,22,25,27,29,31,32,33,34,35,35,36,36,36,36,36,36,NPgY,Primary,NG FES - Electric Engagement (without DH HPs),Number of electric HGVs
LOUTH,1,2,3,5,8,12,17,22,28,33,39,45,50,55,59,62,65,68,70,71,72,73,73,74,74,74,74,NPgY,Primary,NG FES - Electric Engagement (without DH HPs),Number of electric HGVs
LOW MOOR,3,10,20,35,55,80,111,145,183,222,261,298,332,363,391,415,435,450,463,472,479,484,487,489,491,492,492,NPgY,Primary,NG FES - Electric Engagement (without DH HPs),Number of electric HGVs
LOWFIELDS,0,0,0,0,0,0,0,0,0,0,0,0,0,0,0,0,0,0,0,0,0,0,0,0,0,0,0,NPgY,Primary,NG FES - Electric Engagement (without DH HPs),Number of electric HGVs
LOXLEY ROAD,0,0,0,0,0,0,0,0,0,0,0,0,0,0,0,0,0,0,0,0,0,0,0,0,0,0,0,NPgY,Primary,NG FES - Electric Engagement (without DH HPs),Number of electric HGVs
MANCHESTER ROAD,0,0,0,0,0,0,0,0,0,0,0,0,0,0,0,0,0,0,0,0,0,0,0,0,0,0,0,NPgY,Primary,NG FES - Electric Engagement (without DH HPs),Number of electric HGVs
MANSFIELD ROAD 1,1,2,4,6,10,14,19,25,32,38,45,51,57,63,68,72,75,78,80,82,83,84,84,85,85,85,85,NPgY,Primary,NG FES - Electric Engagement (without DH HPs),Number of electric HGVs
MANSFIELD ROAD 2,0,0,0,0,0,0,0,0,0,0,0,0,0,0,0,0,0,0,0,0,0,0,0,0,0,0,0,NPgY,Primary,NG FES - Electric Engagement (without DH HPs),Number of electric HGVs
MARKHAM GATES,0,0,0,0,0,0,0,0,0,0,0,0,0,0,0,0,0,0,0,0,0,0,0,0,0,0,0,NPgY,Primary,NG FES - Electric Engagement (without DH HPs),Number of electric HGVs
MARMION ROAD,0,0,0,0,0,0,0,0,0,0,0,0,0,0,0,0,0,0,0,0,0,0,0,0,0,0,0,NPgY,Primary,NG FES - Electric Engagement (without DH HPs),Number of electric HGVs
MARSDEN ROAD,0,1,2,3,5,8,11,14,18,22,26,29,33,36,39,41,43,44,46,47,47,48,48,48,48,49,49,NPgY,Primary,NG FES - Electric Engagement (without DH HPs),Number of electric HGVs
MARTONGATE,0,0,0,0,0,0,0,0,0,0,0,0,0,0,0,0,0,0,0,0,0,0,0,0,0,0,0,NPgY,Primary,NG FES - Electric Engagement (without DH HPs),Number of electric HGVs
MELTHAM,0,0,1,2,3,4,5,7,9,11,13,15,16,18,19,20,21,22,23,23,24,24,24,24,24,24,24,NPgY,Primary,NG FES - Electric Engagement (without DH HPs),Number of electric HGVs
MEXBOROUGH 1_2,1,4,9,15,24,35,48,63,80,97,114,130,145,159,171,181,190,197,202,206,209,211,213,214,214,215,215,NPgY,Primary,NG FES - Electric Engagement (without DH HPs),Number of electric HGVs
MIDDLETON TOWN STREET,2,5,10,17,26,38,53,69,87,106,124,142,158,173,186,198,207,215,220,225,228,230,232,233,234,234,234,NPgY,Primary,NG FES - Electric Engagement (without DH HPs),Number of electric HGVs
MILLHOUSES,0,0,0,0,0,0,0,0,0,0,0,0,0,0,0,0,0,0,0,0,0,0,0,0,0,0,0,NPgY,Primary,NG FES - Electric Engagement (without DH HPs),Number of electric HGVs
MILLROYD STREET,1,4,8,13,21,30,41,54,68,83,97,111,124,136,146,155,162,168,173,176,179,180,182,182,183,183,183,NPgY,Primary,NG FES - Electric Engagement (without DH HPs),Number of electric HGVs
MILTON PLACE,2,5,11,19,30,43,60,78,98,119,140,160,179,196,211,223,234,242,249,254,258,260,262,263,264,265,265,NPgY,Primary,NG FES - Electric Engagement (without DH HPs),Number of electric HGVs
MIRFIELD,0,1,3,4,7,10,14,18,23,27,32,37,41,45,48,51,54,56,57,58,59,60,60,60,61,61,61,NPgY,Primary,NG FES - Electric Engagement (without DH HPs),Number of electric HGVs
MONCKTON,0,1,2,3,4,6,8,11,14,16,19,22,25,27,29,31,32,33,34,35,35,36,36,36,36,36,36,NPgY,Primary,NG FES - Electric Engagement (without DH HPs),Number of electric HGVs
MOOR ROAD,0,0,0,0,0,0,0,0,0,0,0,0,0,0,0,0,0,0,0,0,0,0,0,0,0,0,0,NPgY,Primary,NG FES - Electric Engagement (without DH HPs),Number of electric HGVs
MOORSIDE ROAD,0,0,0,0,0,0,0,0,0,0,0,0,0,0,0,0,0,0,0,0,0,0,0,0,0,0,0,NPgY,Primary,NG FES - Electric Engagement (without DH HPs),Number of electric HGVs
MORLEY,3,8,16,28,43,63,87,114,144,175,206,234,262,286,308,327,342,355,364,372,377,381,384,385,387,387,387,NPgY,Primary,NG FES - Electric Engagement (without DH HPs),Number of electric HGVs
MOUNT STREET,2,7,14,25,39,57,78,103,129,157,185,211,235,258,277,294,308,319,328,334,339,343,345,347,348,348,348,NPgY,Primary,NG FES - Electric Engagement (without DH HPs),Number of electric HGVs
MYTHOLMROYD,0,0,0,0,0,0,0,0,0,0,0,0,0,0,0,0,0,0,0,0,0,0,0,0,0,0,0,NPgY,Primary,NG FES - Electric Engagement (without DH HPs),Number of electric HGVs
NAB LANE,2,6,11,20,31,45,62,81,102,123,145,165,185,202,217,230,241,250,257,262,266,269,271,272,273,273,273,NPgY,Primary,NG FES - Electric Engagement (without DH HPs),Number of electric HGVs
NABWOOD,0,0,0,0,0,0,0,0,0,0,0,0,0,0,0,0,0,0,0,0,0,0,0,0,0,0,0,NPgY,Primary,NG FES - Electric Engagement (without DH HPs),Number of electric HGVs
NATIONAL AVENUE,0,0,1,1,1,2,3,4,5,5,6,7,8,9,10,10,11,11,11,12,12,12,12,12,12,12,12,NPgY,Primary,NG FES - Electric Engagement (without DH HPs),Number of electric HGVs
NEW DROPPINGWELL ROAD,0,0,0,0,0,0,0,0,0,0,0,0,0,0,0,0,0,0,0,0,0,0,0,0,0,0,0,NPgY,Primary,NG FES - Electric Engagement (without DH HPs),Number of electric HGVs
NEW ORCHARD LANE,5,15,31,54,84,122,169,221,278,338,397,453,506,554,596,632,662,686,705,719,729,737,742,745,748,749,749,NPgY,Primary,NG FES - Electric Engagement (without DH HPs),Number of electric HGVs
NEWHALL ROAD,1,2,3,6,9,13,18,24,30,37,43,49,55,60,65,69,72,75,77,78,79,80,81,81,81,81,81,NPgY,Primary,NG FES - Electric Engagement (without DH HPs),Number of electric HGVs
NEWPORT 1,1,3,7,12,19,27,38,49,62,76,89,101,113,124,133,141,148,153,158,161,163,165,166,167,167,168,168,NPgY,Primary,NG FES - Electric Engagement (without DH HPs),Number of electric HGVs
NEWPORT 2,0,0,0,0,0,0,0,0,0,0,0,0,0,0,0,0,0,0,0,0,0,0,0,0,0,0,0,NPgY,Primary,NG FES - Electric Engagement (without DH HPs),Number of electric HGVs
NINELANDS LANE,2,5,9,16,25,37,51,67,84,102,120,137,153,167,180,191,200,207,212,217,220,222,224,225,225,226,226,NPgY,Primary,NG FES - Electric Engagement (without DH HPs),Number of electric HGVs
NORFOLK PARK,0,0,0,0,0,0,0,0,0,0,0,0,0,0,0,0,0,0,0,0,0,0,0,0,0,0,0,NPgY,Primary,NG FES - Electric Engagement (without DH HPs),Number of electric HGVs
NORMANBY,0,0,0,0,0,0,0,0,0,0,0,0,0,0,0,0,0,0,0,0,0,0,0,0,0,0,0,NPgY,Primary,NG FES - Electric Engagement (without DH HPs),Number of electric HGVs
NORMANTON,10,29,59,101,158,231,318,417,525,638,750,855,955,1045,1124,1192,1249,1294,1330,1356,1376,1390,1400,1406,1410,1413,1413,NPgY,Primary,NG FES - Electric Engagement (without DH HPs),Number of electric HGVs
NORTH AVENUE,0,0,1,1,2,3,4,6,7,9,10,12,13,14,15,16,17,18,18,19,19,19,19,19,19,19,19,NPgY,Primary,NG FES - Electric Engagement (without DH HPs),Number of electric HGVs
NORTH THORESBY,0,0,0,0,0,0,0,0,0,0,0,0,0,0,0,0,0,0,0,0,0,0,0,0,0,0,0,NPgY,Primary,NG FES - Electric Engagement (without DH HPs),Number of electric HGVs
NORWOOD,0,0,1,1,1,2,3,4,5,6,7,8,9,10,11,11,12,12,13,13,13,13,13,13,13,13,13,NPgY,Primary,NG FES - Electric Engagement (without DH HPs),Number of electric HGVs
OAKES ROAD,0,1,2,3,4,6,9,11,14,18,21,24,26,29,31,33,34,36,37,37,38,38,38,39,39,39,39,NPgY,Primary,NG FES - Electric Engagement (without DH HPs),Number of electric HGVs
OAKWOOD LANE,0,0,0,0,0,0,0,0,0,0,0,0,0,0,0,0,0,0,0,0,0,0,0,0,0,0,0,NPgY,Primary,NG FES - Electric Engagement (without DH HPs),Number of electric HGVs
ODSAL,1,2,5,8,13,19,26,34,42,51,61,69,77,84,91,96,101,105,107,110,111,112,113,114,114,114,114,NPgY,Primary,NG FES - Electric Engagement (without DH HPs),Number of electric HGVs
OLYMPIA MILLS,2,6,12,20,32,46,64,84,106,128,151,172,192,210,226,240,251,260,267,273,277,279,281,283,284,284,284,NPgY,Primary,NG FES - Electric Engagement (without DH HPs),Number of electric HGVs
ORGREAVE,0,0,1,1,2,2,3,4,5,7,8,9,10,11,12,12,13,13,14,14,14,14,14,14,15,15,15,NPgY,Primary,NG FES - Electric Engagement (without DH HPs),Number of electric HGVs
OUTWOOD,2,7,14,24,38,56,77,100,126,153,180,206,230,251,270,287,300,311,320,326,331,334,337,338,339,340,340,NPgY,Primary,NG FES - Electric Engagement (without DH HPs),Number of electric HGVs
PARK HILL,2,6,11,20,31,45,62,81,102,124,146,166,185,203,218,231,242,251,258,263,267,270,272,273,274,274,274,NPgY,Primary,NG FES - Electric Engagement (without DH HPs),Number of electric HGVs
PARK ROAD,2,7,15,25,40,58,80,104,131,159,187,214,239,261,281,298,312,324,332,339,344,348,350,352,353,353,353,NPgY,Primary,NG FES - Electric Engagement (without DH HPs),Number of electric HGVs
PARK STREET,2,6,11,20,31,45,62,81,102,124,146,167,186,204,219,233,244,252,259,265,268,271,273,274,275,276,276,NPgY,Primary,NG FES - Electric Engagement (without DH HPs),Number of electric HGVs
PASTURE ROAD SOUTH,1,2,4,6,10,14,19,25,32,38,45,51,57,63,68,72,75,78,80,82,83,84,84,85,85,85,85,NPgY,Primary,NG FES - Electric Engagement (without DH HPs),Number of electric HGVs
PATRINGTON ROAD,0,0,0,0,0,0,0,0,0,0,0,0,0,0,0,0,0,0,0,0,0,0,0,0,0,0,0,NPgY,Primary,NG FES - Electric Engagement (without DH HPs),Number of electric HGVs
PENISTONE,0,1,3,4,7,10,14,18,23,27,32,37,41,45,48,51,54,56,57,58,59,60,60,60,61,61,61,NPgY,Primary,NG FES - Electric Engagement (without DH HPs),Number of electric HGVs
PENISTONE ROAD,0,1,3,5,7,11,14,19,24,29,34,39,43,48,51,54,57,59,61,62,63,63,64,64,64,64,64,NPgY,Primary,NG FES - Electric Engagement (without DH HPs),Number of electric HGVs
PLANGEO,0,1,2,3,5,7,10,13,17,20,24,27,30,33,36,38,40,41,42,43,44,44,44,45,45,45,45,NPgY,Primary,NG FES - Electric Engagement (without DH HPs),Number of electric HGVs
POLLINGTON,1,3,6,10,16,23,31,41,51,62,73,84,93,102,110,117,122,127,130,133,135,136,137,138,138,138,138,NPgY,Primary,NG FES - Electric Engagement (without DH HPs),Number of electric HGVs
PONTEFRACT LANE 1/2,7,21,42,72,113,165,227,298,375,455,535,611,681,746,802,851,892,924,949,968,982,992,999,1004,1007,1009,1009,NPgY,Primary,NG FES - Electric Engagement (without DH HPs),Number of electric HGVs
POOL,1,2,4,6,10,14,19,25,32,38,45,51,57,63,68,72,75,78,80,82,83,84,84,85,85,85,85,NPgY,Primary,NG FES - Electric Engagement (without DH HPs),Number of electric HGVs
PRINCE OF WALES,1,1,3,5,8,12,16,22,27,33,39,44,49,54,58,61,64,67,69,70,71,72,72,72,73,73,73,NPgY,Primary,NG FES - Electric Engagement (without DH HPs),Number of electric HGVs
PROSPECT ROAD,0,0,0,0,0,0,0,0,0,0,0,0,0,0,0,0,0,0,0,0,0,0,0,0,0,0,0,NPgY,Primary,NG FES - Electric Engagement (without DH HPs),Number of electric HGVs
QUEENS ROAD,12,34,69,119,186,272,375,491,618,750,883,1007,1123,1229,1323,1403,1470,1523,1565,1597,1620,1636,1647,1655,1660,1664,1664,NPgY,Primary,NG FES - Electric Engagement (without DH HPs),Number of electric HGVs
QUEENSBURY,1,4,8,13,21,30,41,54,68,83,97,111,124,136,146,155,162,168,173,176,179,180,182,182,183,183,183,NPgY,Primary,NG FES - Electric Engagement (without DH HPs),Number of electric HGVs
RAWCLIFFE,0,0,1,1,2,2,3,4,5,7,8,9,10,11,12,12,13,13,14,14,14,14,14,14,15,15,15,NPgY,Primary,NG FES - Electric Engagement (without DH HPs),Number of electric HGVs
RAWDON,0,1,2,3,4,6,8,11,14,16,19,22,25,27,29,31,32,33,34,35,35,36,36,36,36,36,36,NPgY,Primary,NG FES - Electric Engagement (without DH HPs),Number of electric HGVs
RAWMARSH ROAD 1_2,1,3,5,9,14,20,28,37,46,56,66,76,84,92,99,106,111,115,118,120,122,123,124,124,125,125,125,NPgY,Primary,NG FES - Electric Engagement (without DH HPs),Number of electric HGVs
RAWMARSH ROAD 3_4,1,3,7,12,18,27,37,48,61,74,87,99,111,121,130,138,145,150,154,157,160,161,162,163,164,164,164,NPgY,Primary,NG FES - Electric Engagement (without DH HPs),Number of electric HGVs
RAWSON ROAD,1,2,3,6,9,13,19,24,31,37,44,50,56,61,66,70,73,76,78,79,80,81,82,82,82,83,83,NPgY,Primary,NG FES - Electric Engagement (without DH HPs),Number of electric HGVs
RAWSON SPRING ROAD,0,0,0,0,0,0,0,0,0,0,0,0,0,0,0,0,0,0,0,0,0,0,0,0,0,0,0,NPgY,Primary,NG FES - Electric Engagement (without DH HPs),Number of electric HGVs
REVILL LANE,0,1,3,5,7,10,14,19,23,28,34,38,43,47,50,53,56,58,59,61,61,62,63,63,63,63,63,NPgY,Primary,NG FES - Electric Engagement (without DH HPs),Number of electric HGVs
ROCKWARE,1,2,5,8,13,18,25,33,42,50,59,68,75,83,89,94,99,102,105,107,109,110,111,111,111,112,112,NPgY,Primary,NG FES - Electric Engagement (without DH HPs),Number of electric HGVs
RODLEY LANE,0,0,1,1,1,2,3,4,5,6,7,8,9,10,11,11,12,12,13,13,13,13,13,13,13,13,13,NPgY,Primary,NG FES - Electric Engagement (without DH HPs),Number of electric HGVs
ROMAN AVENUE,0,0,0,0,0,0,0,0,0,0,0,0,0,0,0,0,0,0,0,0,0,0,0,0,0,0,0,NPgY,Primary,NG FES - Electric Engagement (without DH HPs),Number of electric HGVs
ROYDS LANE,3,9,19,33,51,75,103,135,170,206,243,277,309,338,364,386,405,419,431,439,446,450,453,455,457,458,458,NPgY,Primary,NG FES - Electric Engagement (without DH HPs),Number of electric HGVs
SAINT ANDREWS ROAD 33/11KV,3,7,15,26,41,59,82,107,135,164,193,220,245,268,289,306,321,333,342,348,353,357,360,361,362,363,363,NPgY,Primary,NG FES - Electric Engagement (without DH HPs),Number of electric HGVs
SAINT STREET,0,0,0,0,0,0,0,0,0,0,0,0,0,0,0,0,0,0,0,0,0,0,0,0,0,0,0,NPgY,Primary,NG FES - Electric Engagement (without DH HPs),Number of electric HGVs
SALTERFORTH,0,1,1,2,3,4,6,8,10,12,14,16,18,20,21,23,24,24,25,26,26,26,26,27,27,27,27,NPgY,Primary,NG FES - Electric Engagement (without DH HPs),Number of electric HGVs
SALTERHEBBLE,3,8,15,26,41,60,83,108,136,165,195,222,248,271,292,309,324,336,345,352,357,361,363,365,366,367,367,NPgY,Primary,NG FES - Electric Engagement (without DH HPs),Number of electric HGVs
SALTSHOUSE ROAD,0,0,0,0,0,0,0,0,0,0,0,0,0,0,0,0,0,0,0,0,0,0,0,0,0,0,0,NPgY,Primary,NG FES - Electric Engagement (without DH HPs),Number of electric HGVs
SANDHILL LANE,0,0,1,1,2,2,3,4,5,7,8,9,10,11,12,12,13,13,14,14,14,14,14,14,15,15,15,NPgY,Primary,NG FES - Electric Engagement (without DH HPs),Number of electric HGVs
SAXON ROAD,0,0,1,1,2,2,3,4,5,7,8,9,10,11,12,12,13,13,14,14,14,14,14,14,15,15,15,NPgY,Primary,NG FES - Electric Engagement (without DH HPs),Number of electric HGVs
SCARTHO,0,1,2,4,6,9,13,16,21,25,30,34,38,41,44,47,49,51,53,54,54,55,55,56,56,56,56,NPgY,Primary,NG FES - Electric Engagement (without DH HPs),Number of electric HGVs
SCHOLES,0,1,3,5,7,11,15,19,24,30,35,40,44,48,52,55,58,60,62,63,64,64,65,65,65,66,66,NPgY,Primary,NG FES - Electric Engagement (without DH HPs),Number of electric HGVs
SCISSETT,0,0,1,2,3,4,5,7,9,11,13,15,16,18,19,20,21,22,23,23,24,24,24,24,24,24,24,NPgY,Primary,NG FES - Electric Engagement (without DH HPs),Number of electric HGVs
SCULCOATES A,1,2,5,9,13,20,27,36,45,54,64,73,81,89,96,101,106,110,113,115,117,118,119,120,120,120,120,NPgY,Primary,NG FES - Electric Engagement (without DH HPs),Number of electric HGVs
SEACROFT,1,2,5,8,13,18,25,33,42,50,59,68,75,83,89,94,99,102,105,107,109,110,111,111,111,112,112,NPgY,Primary,NG FES - Electric Engagement (without DH HPs),Number of electric HGVs
SEATON,1,3,7,12,19,27,38,49,62,76,89,101,113,124,133,141,148,153,158,161,163,165,166,167,167,168,168,NPgY,Primary,NG FES - Electric Engagement (without DH HPs),Number of electric HGVs
SELBY,1,3,7,12,19,27,38,49,62,76,89,101,113,124,133,141,148,153,158,161,163,165,166,167,167,168,168,NPgY,Primary,NG FES - Electric Engagement (without DH HPs),Number of electric HGVs
SELBY ROAD,0,1,3,5,8,12,16,21,26,32,37,43,48,52,56,59,62,64,66,68,69,69,70,70,70,70,70,NPgY,Primary,NG FES - Electric Engagement (without DH HPs),Number of electric HGVs
SHARLSTON,0,0,0,0,0,0,0,0,0,0,0,0,0,0,0,0,0,0,0,0,0,0,0,0,0,0,0,NPgY,Primary,NG FES - Electric Engagement (without DH HPs),Number of electric HGVs
SHEPCOTE TINSLEY,0,0,0,0,0,0,0,0,0,0,0,0,0,0,0,0,0,0,0,0,0,0,0,0,0,0,0,NPgY,Primary,NG FES - Electric Engagement (without DH HPs),Number of electric HGVs
SHERBURN,5,16,32,55,86,125,172,226,284,345,406,463,517,565,608,645,676,701,720,734,745,752,758,761,763,765,765,NPgY,Primary,NG FES - Electric Engagement (without DH HPs),Number of electric HGVs
SHIPLEY,0,0,0,0,0,0,0,0,0,0,0,0,0,0,0,0,0,0,0,0,0,0,0,0,0,0,0,NPgY,Primary,NG FES - Electric Engagement (without DH HPs),Number of electric HGVs
SHIRLAND LANE,0,0,0,0,0,0,0,0,0,0,0,0,0,0,0,0,0,0,0,0,0,0,0,0,0,0,0,NPgY,Primary,NG FES - Electric Engagement (without DH HPs),Number of electric HGVs
SILVER STREET,0,0,0,0,0,0,0,0,0,0,0,0,0,0,0,0,0,0,0,0,0,0,0,0,0,0,0,NPgY,Primary,NG FES - Electric Engagement (without DH HPs),Number of electric HGVs
SILVERWOOD,1,2,4,7,12,17,23,30,38,47,55,62,70,76,82,87,91,95,97,99,100,102,102,103,103,103,103,NPgY,Primary,NG FES - Electric Engagement (without DH HPs),Number of electric HGVs
SKILLINGS LANE,0,1,3,5,8,11,15,20,25,31,36,41,46,50,54,57,60,62,64,65,66,67,67,68,68,68,68,NPgY,Primary,NG FES - Electric Engagement (without DH HPs),Number of electric HGVs
SKIPTON,0,1,1,2,3,5,6,8,10,13,15,17,19,21,22,24,25,26,26,27,27,27,28,28,28,28,28,NPgY,Primary,NG FES - Electric Engagement (without DH HPs),Number of electric HGVs
SLAITHWAITE,1,2,3,6,9,13,18,24,30,36,43,49,54,59,64,68,71,73,75,77,78,79,79,80,80,80,80,NPgY,Primary,NG FES - Electric Engagement (without DH HPs),Number of electric HGVs
SLEDMERE GARTH,0,0,1,2,3,4,5,7,9,11,13,15,16,18,19,20,21,22,23,23,24,24,24,24,24,24,24,NPgY,Primary,NG FES - Electric Engagement (without DH HPs),Number of electric HGVs
SMITH STREET,1,2,4,7,11,16,22,29,37,44,52,60,66,73,78,83,87,90,93,94,96,97,97,98,98,98,98,NPgY,Primary,NG FES - Electric Engagement (without DH HPs),Number of electric HGVs
SMITHY GREEN,3,9,17,30,47,68,94,123,155,188,221,252,281,308,331,351,368,381,392,400,405,410,412,414,416,416,416,NPgY,Primary,NG FES - Electric Engagement (without DH HPs),Number of electric HGVs
SNAITHING PARK ROAD,0,0,0,0,0,0,0,0,0,0,0,0,0,0,0,0,0,0,0,0,0,0,0,0,0,0,0,NPgY,Primary,NG FES - Electric Engagement (without DH HPs),Number of electric HGVs
SNELSINS LANE,1,2,3,6,9,13,17,23,29,35,41,47,52,57,62,66,69,71,73,75,76,76,77,77,78,78,78,NPgY,Primary,NG FES - Electric Engagement (without DH HPs),Number of electric HGVs
SOUTH ELMSALL,4,12,24,41,64,93,128,168,212,257,302,345,385,421,453,480,503,522,536,547,554,560,564,567,568,569,569,NPgY,Primary,NG FES - Electric Engagement (without DH HPs),Number of electric HGVs
SOUTH FERRIBY,1,1,3,5,8,12,16,22,27,33,39,44,49,54,58,61,64,67,69,70,71,72,72,72,73,73,73,NPgY,Primary,NG FES - Electric Engagement (without DH HPs),Number of electric HGVs
SOUTH KIRKBY,3,9,18,32,50,72,100,131,165,200,235,268,299,328,352,374,392,406,417,425,431,436,439,441,442,443,443,NPgY,Primary,NG FES - Electric Engagement (without DH HPs),Number of electric HGVs
SOUTH RESTON,0,0,0,0,0,0,0,0,0,0,0,0,0,0,0,0,0,0,0,0,0,0,0,0,0,0,0,NPgY,Primary,NG FES - Electric Engagement (without DH HPs),Number of electric HGVs
SOUTH STREET,0,1,3,4,7,10,14,18,23,27,32,37,41,45,48,51,54,56,57,58,59,60,60,60,61,61,61,NPgY,Primary,NG FES - Electric Engagement (without DH HPs),Number of electric HGVs
SOUTHGATE,1,3,5,9,14,20,28,37,46,56,66,75,84,92,98,104,109,113,117,119,121,122,123,123,124,124,124,NPgY,Primary,NG FES - Electric Engagement (without DH HPs),Number of electric HGVs
SOUTHWOOD ROAD,1,3,6,10,15,22,30,40,50,61,72,82,91,100,107,114,119,123,127,129,131,133,133,134,134,135,135,NPgY,Primary,NG FES - Electric Engagement (without DH HPs),Number of electric HGVs
SOWERBY BRIDGE 33/11KV,1,3,5,9,14,21,29,38,48,58,68,78,87,95,102,109,114,118,121,124,125,127,127,128,128,129,129,NPgY,Primary,NG FES - Electric Engagement (without DH HPs),Number of electric HGVs
SPARK MILL LANE,1,3,5,9,14,21,29,38,47,58,68,77,86,94,101,108,113,117,120,122,124,125,126,127,127,127,127,NPgY,Primary,NG FES - Electric Engagement (without DH HPs),Number of electric HGVs
SPENBOROUGH,1,3,7,12,19,28,38,50,63,77,90,103,115,126,135,143,150,156,160,163,166,167,168,169,170,170,170,NPgY,Primary,NG FES - Electric Engagement (without DH HPs),Number of electric HGVs
SPRING MILL STREET,1,3,6,10,15,22,31,40,51,61,72,82,92,101,108,115,120,125,128,131,132,134,135,135,136,136,136,NPgY,Primary,NG FES - Electric Engagement (without DH HPs),Number of electric HGVs
STAINFORTH,0,0,0,0,0,0,0,0,0,0,0,0,0,0,0,0,0,0,0,0,0,0,0,0,0,0,0,NPgY,Primary,NG FES - Electric Engagement (without DH HPs),Number of electric HGVs
STAIRFOOT,1,3,5,9,14,21,28,37,47,57,67,76,85,93,100,107,112,116,119,121,123,124,125,126,126,126,126,NPgY,Primary,NG FES - Electric Engagement (without DH HPs),Number of electric HGVs
STANLEY STREET,0,1,2,3,5,7,10,13,17,20,24,27,30,33,36,38,40,41,42,43,44,44,44,45,45,45,45,NPgY,Primary,NG FES - Electric Engagement (without DH HPs),Number of electric HGVs
STANNINGTON ROAD,0,0,0,0,0,0,0,0,0,0,0,0,0,0,0,0,0,0,0,0,0,0,0,0,0,0,0,NPgY,Primary,NG FES - Electric Engagement (without DH HPs),Number of electric HGVs
STATION ROAD,4,13,26,45,70,102,141,185,233,283,332,379,423,463,498,529,554,574,589,601,610,616,620,623,625,627,627,NPgY,Primary,NG FES - Electric Engagement (without DH HPs),Number of electric HGVs
STEVENSON ROAD,0,0,0,0,0,0,0,0,0,0,0,0,0,0,0,0,0,0,0,0,0,0,0,0,0,0,0,NPgY,Primary,NG FES - Electric Engagement (without DH HPs),Number of electric HGVs
STOKE STREET,1,4,9,15,23,34,46,61,76,93,109,124,139,152,163,173,181,188,193,197,200,202,203,204,205,205,205,NPgY,Primary,NG FES - Electric Engagement (without DH HPs),Number of electric HGVs
STOURTON 132/11KV,0,1,1,2,4,5,7,9,12,14,17,19,21,23,25,27,28,29,30,30,31,31,31,31,32,32,32,NPgY,Primary,NG FES - Electric Engagement (without DH HPs),Number of electric HGVs
STOURTON 33/11KV,0,1,2,3,5,7,10,13,16,19,23,26,29,31,34,36,38,39,40,41,41,42,42,42,42,42,42,NPgY,Primary,NG FES - Electric Engagement (without DH HPs),Number of electric HGVs
STOW,0,1,3,4,7,10,14,18,23,27,32,37,41,45,48,51,54,56,57,58,59,60,60,60,61,61,61,NPgY,Primary,NG FES - Electric Engagement (without DH HPs),Number of electric HGVs
SWAN BANK LANE,0,1,2,3,5,7,10,13,17,20,24,27,30,33,36,38,40,41,42,43,44,44,44,45,45,45,45,NPgY,Primary,NG FES - Electric Engagement (without DH HPs),Number of electric HGVs
SWEET STREET,1,3,6,10,15,22,30,39,50,60,71,81,90,99,106,113,118,122,126,128,130,131,132,133,133,134,134,NPgY,Primary,NG FES - Electric Engagement (without DH HPs),Number of electric HGVs
SWINNOW MOOR,0,0,1,2,3,4,5,7,9,11,13,15,16,18,19,20,21,22,23,23,24,24,24,24,24,24,24,NPgY,Primary,NG FES - Electric Engagement (without DH HPs),Number of electric HGVs
TADCASTER,1,4,8,14,22,33,45,59,74,90,106,121,135,148,159,169,177,183,189,192,195,197,198,199,200,200,200,NPgY,Primary,NG FES - Electric Engagement (without DH HPs),Number of electric HGVs
TANKERSLEY PARK,0,1,2,4,7,10,13,18,22,27,32,36,40,44,47,50,53,54,56,57,58,59,59,59,59,59,59,NPgY,Primary,NG FES - Electric Engagement (without DH HPs),Number of electric HGVs
TEMPLEBOROUGH 33/11KV,0,0,0,0,0,0,0,0,0,0,0,0,0,0,0,0,0,0,0,0,0,0,0,0,0,0,0,NPgY,Primary,NG FES - Electric Engagement (without DH HPs),Number of electric HGVs
THORNBURY,1,2,4,7,11,16,22,29,37,45,53,60,67,74,79,84,88,91,94,96,97,98,99,99,99,100,100,NPgY,Primary,NG FES - Electric Engagement (without DH HPs),Number of electric HGVs
THORNE,2,7,14,25,39,57,78,102,129,156,184,209,234,256,275,292,306,317,326,332,337,340,343,344,345,346,346,NPgY,Primary,NG FES - Electric Engagement (without DH HPs),Number of electric HGVs
THORNTON,0,0,0,0,0,0,0,0,0,0,0,0,0,0,0,0,0,0,0,0,0,0,0,0,0,0,0,NPgY,Primary,NG FES - Electric Engagement (without DH HPs),Number of electric HGVs
THORPE ROAD,6,18,36,62,97,141,195,256,322,391,459,524,585,640,689,730,765,793,815,831,843,851,857,861,864,866,866,NPgY,Primary,NG FES - Electric Engagement (without DH HPs),Number of electric HGVs
TICKHILL ROAD,1,4,8,14,23,33,45,60,75,91,107,122,136,149,160,170,178,185,190,193,196,198,200,201,201,202,202,NPgY,Primary,NG FES - Electric Engagement (without DH HPs),Number of electric HGVs
TINGLEY,1,3,6,10,15,22,31,40,51,61,72,82,92,101,108,115,120,125,128,131,132,134,135,135,136,136,136,NPgY,Primary,NG FES - Electric Engagement (without DH HPs),Number of electric HGVs
TINSLEY PARK ROAD,2,6,12,20,32,47,64,84,106,129,151,173,193,211,227,241,252,261,268,274,278,281,283,284,285,285,285,NPgY,Primary,NG FES - Electric Engagement (without DH HPs),Number of electric HGVs
TINSLEY WIRE INDUSTRIES,3,10,19,33,52,76,105,138,173,210,247,282,315,345,371,393,412,427,439,448,454,459,462,464,465,466,466,NPgY,Primary,NG FES - Electric Engagement (without DH HPs),Number of electric HGVs
TIVERTON ROAD,0,0,0,0,0,0,0,0,0,0,0,0,0,0,0,0,0,0,0,0,0,0,0,0,0,0,0,NPgY,Primary,NG FES - Electric Engagement (without DH HPs),Number of electric HGVs
TODMORDEN,0,0,1,1,2,3,4,5,7,8,10,11,12,13,14,15,16,17,17,17,18,18,18,18,18,18,18,NPgY,Primary,NG FES - Electric Engagement (without DH HPs),Number of electric HGVs
TOLLER LANE,0,0,0,0,0,0,0,0,0,0,0,0,0,0,0,0,0,0,0,0,0,0,0,0,0,0,0,NPgY,Primary,NG FES - Electric Engagement (without DH HPs),Number of electric HGVs
TONG STREET,1,2,5,8,13,19,26,34,43,52,61,70,78,85,92,97,102,106,109,111,112,113,114,115,115,115,115,NPgY,Primary,NG FES - Electric Engagement (without DH HPs),Number of electric HGVs
UPPER BASINGHALL STREET,0,0,0,0,0,0,0,0,0,0,0,0,0,0,0,0,0,0,0,0,0,0,0,0,0,0,0,NPgY,Primary,NG FES - Electric Engagement (without DH HPs),Number of electric HGVs
VARLEY STREET,1,3,7,12,19,27,37,49,62,75,88,101,112,123,132,140,147,152,157,160,162,164,165,165,166,166,166,NPgY,Primary,NG FES - Electric Engagement (without DH HPs),Number of electric HGVs
VICTORIA STREET,0,0,0,0,0,0,0,0,0,0,0,0,0,0,0,0,0,0,0,0,0,0,0,0,0,0,0,NPgY,Primary,NG FES - Electric Engagement (without DH HPs),Number of electric HGVs
WALESBY,0,1,1,2,4,5,7,10,12,15,17,20,22,24,26,28,29,30,31,31,32,32,32,33,33,33,33,NPgY,Primary,NG FES - Electric Engagement (without DH HPs),Number of electric HGVs
WARREN LANE,0,0,0,0,0,0,0,0,0,0,0,0,0,0,0,0,0,0,0,0,0,0,0,0,0,0,0,NPgY,Primary,NG FES - Electric Engagement (without DH HPs),Number of electric HGVs
WATH UPON DEARNE,3,8,16,27,42,61,84,111,139,169,199,227,253,277,298,317,332,344,353,360,365,369,372,373,374,375,375,NPgY,Primary,NG FES - Electric Engagement (without DH HPs),Number of electric HGVs
WAVERLEY BUSINESS PARK,0,0,0,0,0,0,0,0,0,0,0,0,0,0,0,0,0,0,0,0,0,0,0,0,0,0,0,NPgY,Primary,NG FES - Electric Engagement (without DH HPs),Number of electric HGVs
WAWNE ROAD,0,0,0,0,0,0,0,0,0,0,0,0,0,0,0,0,0,0,0,0,0,0,0,0,0,0,0,NPgY,Primary,NG FES - Electric Engagement (without DH HPs),Number of electric HGVs
WEELAND ROAD,1,3,6,11,17,25,34,44,56,68,80,91,102,111,120,127,133,138,142,145,147,148,149,150,150,151,151,NPgY,Primary,NG FES - Electric Engagement (without DH HPs),Number of electric HGVs
WELLINGTON STREET,6,17,35,60,94,138,190,249,313,380,447,510,569,623,670,711,745,772,793,809,820,829,834,838,841,843,843,NPgY,Primary,NG FES - Electric Engagement (without DH HPs),Number of electric HGVs
WESLEY CRESCENT,0,0,1,1,2,3,4,5,6,8,9,10,11,13,14,14,15,16,16,16,17,17,17,17,17,17,17,NPgY,Primary,NG FES - Electric Engagement (without DH HPs),Number of electric HGVs
WEST DOCKS,1,3,6,10,15,22,30,39,50,60,71,81,90,99,106,113,118,122,126,128,130,131,132,133,133,134,134,NPgY,Primary,NG FES - Electric Engagement (without DH HPs),Number of electric HGVs
WEST END LANE,2,7,15,26,40,58,80,105,133,161,189,216,241,264,284,301,315,327,336,343,348,351,354,355,356,357,357,NPgY,Primary,NG FES - Electric Engagement (without DH HPs),Number of electric HGVs
WEST MOOR PARK,0,0,0,0,0,0,0,0,0,0,0,0,0,0,0,0,0,0,0,0,0,0,0,0,0,0,0,NPgY,Primary,NG FES - Electric Engagement (without DH HPs),Number of electric HGVs
WEST PARK,0,0,0,0,0,0,0,0,0,0,0,0,0,0,0,0,0,0,0,0,0,0,0,0,0,0,0,NPgY,Primary,NG FES - Electric Engagement (without DH HPs),Number of electric HGVs
WESTCOTT STREET,0,0,0,0,0,0,0,0,0,0,0,0,0,0,0,0,0,0,0,0,0,0,0,0,0,0,0,NPgY,Primary,NG FES - Electric Engagement (without DH HPs),Number of electric HGVs
WETHERBY,0,0,0,0,0,0,0,0,0,0,0,0,0,0,0,0,0,0,0,0,0,0,0,0,0,0,0,NPgY,Primary,NG FES - Electric Engagement (without DH HPs),Number of electric HGVs
WHEATACRE ROAD,0,0,1,1,1,2,3,4,5,5,6,7,8,9,10,10,11,11,11,12,12,12,12,12,12,12,12,NPgY,Primary,NG FES - Electric Engagement (without DH HPs),Number of electric HGVs
WHEATLEY PARK,2,6,12,20,31,46,63,82,104,126,148,169,189,206,222,236,247,256,263,268,272,275,277,278,279,279,279,NPgY,Primary,NG FES - Electric Engagement (without DH HPs),Number of electric HGVs
WHINGATE,1,3,6,11,16,24,33,43,55,66,78,89,99,109,117,124,130,135,138,141,143,144,145,146,147,147,147,NPgY,Primary,NG FES - Electric Engagement (without DH HPs),Number of electric HGVs
WHITE LEE,0,1,3,5,8,11,16,20,26,31,37,42,47,51,55,58,61,63,65,66,67,68,69,69,69,69,69,NPgY,Primary,NG FES - Electric Engagement (without DH HPs),Number of electric HGVs
WHITEHALL ROAD 2/3,0,0,0,0,0,0,0,0,0,0,0,0,0,0,0,0,0,0,0,0,0,0,0,0,0,0,0,NPgY,Primary,NG FES - Electric Engagement (without DH HPs),Number of electric HGVs
WHITEHALL ROAD 4/5,0,0,0,0,0,0,0,0,0,0,0,0,0,0,0,0,0,0,0,0,0,0,0,0,0,0,0,NPgY,Primary,NG FES - Electric Engagement (without DH HPs),Number of electric HGVs
WIBSEY,0,0,0,0,0,0,0,0,0,0,0,0,0,0,0,0,0,0,0,0,0,0,0,0,0,0,0,NPgY,Primary,NG FES - Electric Engagement (without DH HPs),Number of electric HGVs
WITHERNSEA,0,0,0,0,0,0,0,0,0,0,0,0,0,0,0,0,0,0,0,0,0,0,0,0,0,0,0,NPgY,Primary,NG FES - Electric Engagement (without DH HPs),Number of electric HGVs
WOODCOCK STREET,0,1,3,5,8,11,16,20,26,31,37,42,47,51,55,58,61,63,65,66,67,68,69,69,69,69,69,NPgY,Primary,NG FES - Electric Engagement (without DH HPs),Number of electric HGVs
WOODSEATS,0,0,1,1,1,2,3,4,5,5,6,7,8,9,10,10,11,11,11,12,12,12,12,12,12,12,12,NPgY,Primary,NG FES - Electric Engagement (without DH HPs),Number of electric HGVs
WOOLLEY,1,2,4,8,12,17,24,31,39,48,56,64,71,78,84,89,93,97,99,101,103,104,105,105,105,106,106,NPgY,Primary,NG FES - Electric Engagement (without DH HPs),Number of electric HGVs
WORSBROUGH PARK,1,3,7,12,18,26,36,48,60,73,86,98,109,119,128,136,143,148,152,155,157,159,160,161,161,161,161,NPgY,Primary,NG FES - Electric Engagement (without DH HPs),Number of electric HGVs
WRAWBY,2,6,13,22,34,49,68,89,112,136,160,183,204,223,240,255,267,277,284,290,294,297,299,301,302,302,302,NPgY,Primary,NG FES - Electric Engagement (without DH HPs),Number of electric HGVs
YARBOROUGH ROAD 33/11KV,2,7,14,24,37,54,74,98,123,149,175,200,223,244,263,279,292,302,311,317,322,325,327,329,330,330,330,NPgY,Primary,NG FES - Electric Engagement (without DH HPs),Number of electric HGVs
YEW GREEN ROAD,0,0,1,1,2,2,3,4,5,7,8,9,10,11,12,12,13,13,14,14,14,14,14,14,15,15,15,NPgY,Primary,NG FES - Electric Engagement (without DH HPs),Number of electric HGVs
YORK ROAD,0,1,1,2,3,4,6,8,10,12,14,16,18,20,21,23,24,24,25,26,26,26,26,27,27,27,27,NPgY,Primary,NG FES - Electric Engagement (without DH HPs),Number of electric HGVs
YORK STREET,1,3,7,12,19,27,37,49,62,75,88,101,112,123,132,140,147,152,157,160,162,164,165,165,166,166,166,NPgY,Primary,NG FES - Electric Engagement (without DH HPs),Number of electric HGVs
Barnsley Direct to Supply Points,,,,,,,,,,,,,,,,,,,,,,,,,,,,NPgY,Primary,NG FES - Electric Engagement (without DH HPs),Number of electric HGVs
Bradford Direct to Supply Points,,,,,,,,,,,,,,,,,,,,,,,,,,,,NPgY,Primary,NG FES - Electric Engagement (without DH HPs),Number of electric HGVs
Calderdale Direct to Supply Points,,,,,,,,,,,,,,,,,,,,,,,,,,,,NPgY,Primary,NG FES - Electric Engagement (without DH HPs),Number of electric HGVs
County Durham Direct to Supply Points,,,,,,,,,,,,,,,,,,,,,,,,,,,,NPgN,Primary,NG FES - Electric Engagement (without DH HPs),Number of electric HGVs
Darlington Direct to Supply Points,,,,,,,,,,,,,,,,,,,,,,,,,,,,NPgN,Primary,NG FES - Electric Engagement (without DH HPs),Number of electric HGVs
Doncaster Direct to Supply Points,,,,,,,,,,,,,,,,,,,,,,,,,,,,NPgY,Primary,NG FES - Electric Engagement (without DH HPs),Number of electric HGVs
East Riding of Yorkshire Direct to Supply Points,,,,,,,,,,,,,,,,,,,,,,,,,,,,NPgY,Primary,NG FES - Electric Engagement (without DH HPs),Number of electric HGVs
Gateshead Direct to Supply Points,,,,,,,,,,,,,,,,,,,,,,,,,,,,NPgN,Primary,NG FES - Electric Engagement (without DH HPs),Number of electric HGVs
Hambleton Direct to Supply Points,,,,,,,,,,,,,,,,,,,,,,,,,,,,NPgN,Primary,NG FES - Electric Engagement (without DH HPs),Number of electric HGVs
Harrogate Direct to Supply Points,,,,,,,,,,,,,,,,,,,,,,,,,,,,NPgN,Primary,NG FES - Electric Engagement (without DH HPs),Number of electric HGVs
Hartlepool Direct to Supply Points,,,,,,,,,,,,,,,,,,,,,,,,,,,,NPgN,Primary,NG FES - Electric Engagement (without DH HPs),Number of electric HGVs
"Kingston upon Hull, City of Direct to Supply Points",,,,,,,,,,,,,,,,,,,,,,,,,,,,NPgY,Primary,NG FES - Electric Engagement (without DH HPs),Number of electric HGVs
Kirklees Direct to Supply Points,,,,,,,,,,,,,,,,,,,,,,,,,,,,NPgY,Primary,NG FES - Electric Engagement (without DH HPs),Number of electric HGVs
Leeds Direct to Supply Points,,,,,,,,,,,,,,,,,,,,,,,,,,,,NPgY,Primary,NG FES - Electric Engagement (without DH HPs),Number of electric HGVs
Newcastle upon Tyne Direct to Supply Points,,,,,,,,,,,,,,,,,,,,,,,,,,,,NPgN,Primary,NG FES - Electric Engagement (without DH HPs),Number of electric HGVs
North East Lincolnshire Direct to Supply Points,,,,,,,,,,,,,,,,,,,,,,,,,,,,NPgY,Primary,NG FES - Electric Engagement (without DH HPs),Number of electric HGVs
North Lincolnshire Direct to Supply Points,,,,,,,,,,,,,,,,,,,,,,,,,,,,NPgY,Primary,NG FES - Electric Engagement (without DH HPs),Number of electric HGVs
North Tyneside Direct to Supply Points,,,,,,,,,,,,,,,,,,,,,,,,,,,,NPgN,Primary,NG FES - Electric Engagement (without DH HPs),Number of electric HGVs
Northumberland Direct to Supply Points,,,,,,,,,,,,,,,,,,,,,,,,,,,,NPgN,Primary,NG FES - Electric Engagement (without DH HPs),Number of electric HGVs
Redcar and Cleveland Direct to Supply Points,,,,,,,,,,,,,,,,,,,,,,,,,,,,NPgN,Primary,NG FES - Electric Engagement (without DH HPs),Number of electric HGVs
Rotherham Direct to Supply Points,,,,,,,,,,,,,,,,,,,,,,,,,,,,NPgY,Primary,NG FES - Electric Engagement (without DH HPs),Number of electric HGVs
Ryedale Direct to Supply Points,,,,,,,,,,,,,,,,,,,,,,,,,,,,NPgN,Primary,NG FES - Electric Engagement (without DH HPs),Number of electric HGVs
Scarborough Direct to Supply Points,,,,,,,,,,,,,,,,,,,,,,,,,,,,NPgN,Primary,NG FES - Electric Engagement (without DH HPs),Number of electric HGVs
Selby Direct to Supply Points,,,,,,,,,,,,,,,,,,,,,,,,,,,,NPgY,Primary,NG FES - Electric Engagement (without DH HPs),Number of electric HGVs
Sheffield Direct to Supply Points,,,,,,,,,,,,,,,,,,,,,,,,,,,,NPgY,Primary,NG FES - Electric Engagement (without DH HPs),Number of electric HGVs
South Tyneside Direct to Supply Points,,,,,,,,,,,,,,,,,,,,,,,,,,,,NPgN,Primary,NG FES - Electric Engagement (without DH HPs),Number of electric HGVs
Stockton-on-Tees Direct to Supply Points,,,,,,,,,,,,,,,,,,,,,,,,,,,,NPgN,Primary,NG FES - Electric Engagement (without DH HPs),Number of electric HGVs
Sunderland Direct to Supply Points,,,,,,,,,,,,,,,,,,,,,,,,,,,,NPgN,Primary,NG FES - Electric Engagement (without DH HPs),Number of electric HGVs
Wakefield Direct to Supply Points,,,,,,,,,,,,,,,,,,,,,,,,,,,,NPgY,Primary,NG FES - Electric Engagement (without DH HPs),Number of electric HGVs
West Lindsey Direct to Supply Points,,,,,,,,,,,,,,,,,,,,,,,,,,,,NPgY,Primary,NG FES - Electric Engagement (without DH HPs),Number of electric HGVs
York Direct to Supply Points,,,,,,,,,,,,,,,,,,,,,,,,,,,,NPgN,Primary,NG FES - Electric Engagement (without DH HPs),Number of electric HGVs
